znacka,model,cena,rok,stav,najeto,vykon,palivo,kapacita_baterie,prevodovka,pohon
Škoda,Superb,340000,2016,Ojeté,228069,140,Nafta,0,Automatická,
Dacia,Duster,180000,2017,Ojeté,149609,80,Nafta,0,Manuální,4x4
Škoda,Octavia,100000,2010,Ojeté,211625,77,Benzín,0,Manuální,
Škoda,Superb,249000,2015,Ojeté,314000,,Nafta,0,,
Mercedes-Benz,Třídy C,899000,2021,Ojeté,95000,162,Nafta,0,Automatická,
Volkswagen,Tiguan,460000,2018,Ojeté,145317,110,Nafta,0,Automatická,
Hyundai,i20,260000,2020,Ojeté,22498,62,Benzín,0,Manuální,
Škoda,Kodiaq,490000,2022,Ojeté,183520,110,Benzín,0,Manuální,
Renault,Mégane,70000,2011,Ojeté,239475,81,LPG + benzín,0,Manuální,
Volvo,V60,569000,2020,Ojeté,97985,110,Nafta,0,Automatická,
Škoda,Superb,470000,2019,Ojeté,205484,140,Nafta,0,Automatická,4x4
Audi,RS Q8,2640570,2020,Ojeté,102820,441,Benzín,0,Automatická,4x4
Škoda,Octavia,330000,2018,Ojeté,128821,132,Benzín,0,Manuální,
Cupra,Formentor,605000,2023,Ojeté,44923,110,Benzín,0,Automatická,Pohon předních kol
Volkswagen,Tiguan,390000,2017,Ojeté,149068,110,Benzín,0,Automatická,
BMW,Řada 1,270000,2012,Ojeté,111000,115,Benzín,0,Automatická,Pohon zadních kol
MG,ZS,480000,2025,Předváděcí,12934,85,Benzín,0,Manuální,
Volkswagen,Golf,330000,2019,Ojeté,64129,85,Benzín,0,Manuální,
MG,ZS,490000,2025,Předváděcí,16642,85,Benzín,0,Manuální,
Škoda,Kodiaq,940000,2022,Ojeté,42400,140,Benzín,0,Automatická,4x4
Škoda,Karoq,630000,2023,Ojeté,78351,110,Nafta,0,Automatická,4x4
MG,ZS,370000,2024,Ojeté,33098,78,Benzín,0,Manuální,
Audi,Q3,927000,2023,Ojeté,37137,110,Nafta,0,Automatická,4x4
Škoda,Karoq,470000,2021,Ojeté,86574,110,Benzín,0,Manuální,
Hyundai,i30,160000,2015,Ojeté,191343,81,Nafta,0,Manuální,
MG,ZS,480000,2025,Předváděcí,10584,85,Benzín,0,Manuální,
Ford,Kuga,220000,2014,Ojeté,183527,110,Nafta,0,Manuální,
Volvo,S90,1025000,2024,Ojeté,25129,335,Hybridní,0,Automatická,4x4
Škoda,Superb,530000,2019,Ojeté,186852,200,Benzín,0,Automatická,4x4
Dacia,Duster,200000,2016,Ojeté,114998,84,Benzín,0,Manuální,
Hyundai,i30,230000,2018,Ojeté,94601,88,Benzín,0,Manuální,
Škoda,Kodiaq,380000,2018,Ojeté,243914,110,Nafta,0,Automatická,
Volkswagen,Golf,300000,2019,Ojeté,132079,85,Nafta,0,Manuální,
Volkswagen,Touran,85000,2009,Ojeté,242002,103,Benzín,0,Manuální,
Ford,Kuga,500000,2020,Ojeté,33036,110,Nafta,0,Manuální,
Ford,S-MAX,100000,2009,Ojeté,207262,103,Nafta,0,Manuální,
Škoda,Superb,340000,2015,Ojeté,172400,140,Nafta,0,Automatická,4x4
Škoda,Superb,220000,2017,Ojeté,329474,88,Nafta,0,Automatická,
Škoda,Octavia,90000,2011,Ojeté,234177,77,Benzín,0,Manuální,
Kia,Cee´d,430000,2023,Ojeté,25463,118,Benzín,0,Automatická,
MG,ZS,490000,2025,Předváděcí,19686,85,Benzín,0,Manuální,
Kia,Cee´d,160000,2018,Ojeté,152600,100,Nafta,0,Manuální,
Volkswagen,Passat,65000,2007,Ojeté,291889,77,Nafta,0,Manuální,
Hyundai,Tucson,600000,2022,Ojeté,95254,132,Benzín,0,Automatická,4x4
Renault,Mégane,14990,2007,Ojeté,172961,99,Benzín,0,Automatická,Pohon předních kol
Mazda,CX-5,1157800,2026,Nové,1,104,Benzín,0,Automatická,4x4
Mazda,6e,1041900,2026,Nové,1,180,Elektro,80,Automatická,Pohon zadních kol
Land Rover,Defender,1599000,2022,Ojeté,35016,183,Nafta,0,Automatická,4x4
Mazda,3,733300,2026,Nové,1,103,Benzín,0,Automatická,Pohon předních kol
Hyundai,i20,360000,2024,Ojeté,13284,58,Benzín,0,Manuální,
Audi,A4,430000,2016,Ojeté,173000,140,Nafta,0,Automatická,Pohon předních kol
Mazda,CX-60,1468990,2025,Nové,1,187,Nafta,0,Automatická,4x4
Land Rover,Defender,1758000,2023,Ojeté,69000,221,Nafta,0,Automatická,4x4
Mazda,CX-5,1132800,2026,Nové,1,104,Benzín,0,Automatická,4x4
Mazda,CX-5,950000,2026,Nové,1,104,Benzín,0,Automatická,
Mercedes-Benz,GLC,1599000,2024,Ojeté,15854,145,Nafta,0,Automatická,4x4
Hyundai,Tucson,450000,2021,Ojeté,90394,85,Nafta,0,Manuální,
Mazda,3,299900,2019,Ojeté,235000,90,Benzín,0,Manuální,Pohon předních kol
Škoda,Octavia,349000,2022,Ojeté,130000,85,Nafta,0,Manuální,Pohon předních kol
Mazda,CX-30,579900,2023,Ojeté,36000,137,Benzín,0,Manuální,Pohon předních kol
Škoda,Enyaq Coupé,763000,2022,Ojeté,89938,150,Elektro,82,Automatická,Pohon zadních kol
Mazda,CX-5,1129300,2026,Nové,1,104,Benzín,0,Automatická,4x4
Mazda,6e,1062900,2025,Předváděcí,5000,180,Elektro,80,Automatická,Pohon zadních kol
Mazda,CX-5,1136700,2026,Nové,1,104,Benzín,0,Automatická,4x4
Mazda,CX-30,768490,2026,Nové,1,103,Benzín,0,Automatická,Pohon předních kol
Škoda,Superb,460000,2017,Ojeté,138864,110,Nafta,0,Automatická,
Škoda,Superb,663000,2021,Ojeté,58102,160,Hybridní,0,Automatická,
Škoda,Octavia,498000,2022,Ojeté,104676,85,Nafta,0,Manuální,Pohon předních kol
Škoda,Superb,637000,2022,Ojeté,82773,160,Hybridní,0,Automatická,
Škoda,Superb,636000,2022,Ojeté,142825,147,Nafta,0,Automatická,
Škoda,Kodiaq,976000,2024,Ojeté,48758,147,Nafta,0,Automatická,4x4
Škoda,Kodiaq,772000,2021,Ojeté,125000,140,Benzín,0,Automatická,4x4
Škoda,Karoq,637000,2021,Ojeté,118854,110,Nafta,0,Automatická,4x4
Mercedes-Benz,GLE,2189000,2024,Ojeté,20961,270,Nafta,0,Automatická,4x4
Škoda,Superb,599000,2022,Ojeté,169956,147,Nafta,0,Automatická,
Škoda,Karoq,740000,2024,Ojeté,91166,110,Nafta,0,Automatická,4x4
Škoda,Superb,617000,2022,Ojeté,166022,147,Nafta,0,Automatická,
Škoda,Karoq,515000,2020,Ojeté,175462,110,Benzín,0,Automatická,
Škoda,Kodiaq,999000,2024,Ojeté,34602,147,Nafta,0,Automatická,4x4
Volkswagen,ID.5,750000,2022,Ojeté,69264,220,Elektro,82,Automatická,4x4
Škoda,Kodiaq,936000,2023,Ojeté,49198,147,Nafta,0,Automatická,4x4
Škoda,Karoq,752000,2023,Ojeté,43326,110,Nafta,0,Automatická,4x4
Škoda,Octavia,639000,2023,Ojeté,71411,110,Nafta,0,Automatická,
Škoda,Octavia,626000,2022,Ojeté,71258,110,Benzín,0,Automatická,
Škoda,Superb,871000,2022,Ojeté,16964,147,Nafta,0,Automatická,4x4
Audi,Q5,700000,2020,Ojeté,40094,220,Hybridní,0,Automatická,4x4
Mazda,CX-5,945300,2026,Nové,1,104,Benzín,0,Automatická,
Škoda,Superb,752000,2023,Ojeté,100000,206,Benzín,0,Automatická,4x4
Škoda,Superb,472000,2020,Ojeté,174951,140,Nafta,0,Automatická,
Škoda,Superb,491000,2022,Ojeté,173066,147,Nafta,0,Automatická,
Škoda,Superb,499000,2021,Ojeté,86712,160,Hybridní,0,Automatická,
Škoda,Superb,547000,2021,Ojeté,141997,147,Nafta,0,Automatická,
Škoda,Superb,676000,2023,Ojeté,98666,147,Nafta,0,Automatická,4x4
Škoda,Superb,480000,2022,Ojeté,159207,110,Nafta,0,Automatická,
Land Rover,Defender,1599000,2023,Ojeté,94810,221,Nafta,0,Automatická,4x4
Škoda,Superb,512000,2019,Ojeté,110367,140,Nafta,0,Automatická,4x4
Škoda,Superb,497000,2022,Ojeté,138450,160,Hybridní,0,Automatická,
Škoda,Karoq,527000,2020,Ojeté,172195,110,Nafta,0,Automatická,4x4
Škoda,Superb,520000,2021,Ojeté,105856,160,Hybridní,0,Automatická,
Škoda,Superb,512000,2023,Ojeté,170207,110,Nafta,0,Automatická,
Škoda,Superb,489000,2022,Ojeté,166052,1968,Nafta,0,Automatická,Pohon předních kol
Škoda,Superb,512000,2022,Ojeté,136237,110,Nafta,0,Automatická,
Škoda,Superb,563000,2023,Ojeté,134869,110,Nafta,0,Automatická,
Škoda,Superb,524000,2022,Ojeté,158307,110,Nafta,0,Automatická,
Škoda,Superb,529000,2021,Ojeté,100000,110,Nafta,0,Automatická,
Škoda,Superb,539000,,,100000,,,0,,
Škoda,Superb,580000,2022,Ojeté,150000,147,Nafta,0,Automatická,
Škoda,Superb,418000,2020,Ojeté,150000,115,Benzín,0,Automatická,
Škoda,Superb,508000,2022,Ojeté,166802,110,Nafta,0,Automatická,
Škoda,Superb,559000,2022,Ojeté,108805,110,Benzín,0,Automatická,
Škoda,Superb,630000,2022,Ojeté,110809,147,Nafta,0,Automatická,
Škoda,Superb,838000,2025,Ojeté,21732,110,Nafta,0,Automatická,
Volvo,XC40,649000,2020,Ojeté,85151,110,Nafta,0,Automatická,
Škoda,Superb,642000,2023,Ojeté,100000,147,Nafta,0,Automatická,
Škoda,Superb,520000,2022,Ojeté,148519,110,Nafta,0,Automatická,
Škoda,Superb,726000,2022,Ojeté,89367,147,Nafta,0,Automatická,4x4
Škoda,Superb,526000,2021,Ojeté,160770,147,Nafta,0,Automatická,4x4
Škoda,Superb,590000,2021,Ojeté,75000,160,Hybridní,0,Automatická,
Škoda,Superb,715000,2022,Ojeté,72782,147,Nafta,0,Automatická,
Kia,Sportage,837980,2026,Nové,1,110,Benzín,0,Automatická,Pohon předních kol
Škoda,Superb,519000,2020,Ojeté,98634,160,Hybridní,0,Automatická,
Škoda,Superb,536000,2022,Ojeté,159271,147,Nafta,0,Automatická,
Škoda,Superb,538000,2022,Ojeté,85966,160,Hybridní,0,Automatická,
Škoda,Superb,489000,2022,Ojeté,188269,147,Nafta,0,Automatická,
Škoda,Superb,480000,2022,Ojeté,174162,110,Nafta,0,Automatická,
Škoda,Superb,206000,2012,Ojeté,110028,92,Benzín,0,Manuální,
Škoda,Superb,618000,2022,Ojeté,78684,160,Hybridní,0,Automatická,
Škoda,Superb,590000,2022,Ojeté,128736,147,Nafta,0,Automatická,
Audi,Q5,826000,2022,Ojeté,72733,150,Nafta,0,Automatická,4x4
Mazda,CX-5,1055700,2026,Nové,1,104,Benzín,0,Automatická,4x4
Škoda,Superb,488000,2022,Ojeté,172867,110,Nafta,0,Automatická,
Mazda,CX-5,1132800,2026,Nové,1,104,Benzín,0,Automatická,4x4
Mercedes-Benz,Třídy E,793000,2023,Ojeté,89755,147,Nafta,0,Automatická,
Mercedes-Benz,Třídy C,789000,2023,Ojeté,80998,150,Hybridní,0,Automatická,
Volkswagen,Multivan,818000,2018,Ojeté,135465,110,Nafta,0,Automatická,
Škoda,Superb,496000,2022,Ojeté,146083,110,Nafta,0,Automatická,
Škoda,Superb,682000,2021,Ojeté,115251,147,Nafta,0,Automatická,4x4
Škoda,Superb,508000,2022,Ojeté,176383,147,Nafta,0,Automatická,
Škoda,Superb,535000,2022,Ojeté,161268,147,Nafta,0,Automatická,
Mazda,CX-80,1699900,2026,Nové,1,187,Nafta,0,Automatická,4x4
Mazda,CX-5,1048300,2026,Nové,1,104,Benzín,0,Automatická,4x4
Audi,A8,1590000,2022,Ojeté,95542,338,Benzín,0,Automatická,4x4
Land Rover,Defender,2149000,2025,Nové,0,183,Nafta,0,Automatická,4x4
Mercedes-Benz,Třídy C,1499000,2024,Ojeté,11095,300,Benzín,0,Automatická,4x4
Mercedes-Benz,GLB,992000,2024,Ojeté,15000,110,Nafta,0,Automatická,4x4
Škoda,Superb,644000,2022,Ojeté,91850,147,Nafta,0,Automatická,
Škoda,Superb,472000,2020,Ojeté,103384,160,Hybridní,0,Automatická,
Audi,Q5,913000,2022,Ojeté,26419,150,Nafta,0,Automatická,4x4
Škoda,Superb,609000,2021,Ojeté,54184,160,Hybridní,0,Automatická,
Mercedes-Benz,Třídy C,840000,2022,Ojeté,42158,147,Nafta,0,Automatická,4x4
Mercedes-Benz,GLC,479000,2018,Ojeté,181182,125,Nafta,0,Automatická,4x4
Mercedes-Benz,Třídy C,982000,2023,Ojeté,53155,193,Nafta,0,Automatická,
Škoda,Citigo,290000,2020,Ojeté,63990,61,Elektro,36,Automatická,
Volkswagen,Transporter,862000,2024,Ojeté,69299,110,Nafta,0,Automatická,Pohon předních kol
Mazda,CX-80,1657190,2025,Předváděcí,2000,187,Nafta,0,Automatická,4x4
Land Rover,Range Rover Sport,3089000,2026,Nové,0,258,Nafta,0,Automatická,4x4
Mercedes-Benz,Třídy E,943000,2023,Ojeté,45340,143,Hybridní,0,Automatická,
Mercedes-Benz,Třídy E,759000,2022,Ojeté,94159,155,Hybridní,0,Automatická,
Mercedes-Benz,Třídy E,607000,2019,Ojeté,125000,135,Benzín,0,Automatická,
Volkswagen,Passat Variant,318000,2019,Ojeté,264776,140,Nafta,0,Automatická,Pohon předních kol
Mazda,CX-80,1680000,2026,Nové,1,187,Nafta,0,Automatická,4x4
Škoda,Kodiaq,662000,2020,Ojeté,103353,140,Nafta,0,Automatická,4x4
Mercedes-Benz,Třídy E,638000,2019,Ojeté,114493,143,Nafta,0,Automatická,
Mercedes-Benz,Třídy C,496000,2021,Ojeté,139612,143,Nafta,0,Automatická,
Volkswagen,Passat Variant,430000,2022,Ojeté,175191,110,Nafta,0,Automatická,Pohon předních kol
Volkswagen,Arteon Shooting Brake,498000,2021,Ojeté,168791,110,Nafta,0,Automatická,Pohon předních kol
Mercedes-Benz,GLC,897000,2022,Ojeté,78054,145,Benzín,0,Automatická,4x4
Mercedes-Benz,Třídy C,823000,2023,Ojeté,66022,150,Hybridní,0,Automatická,
Volkswagen,Passat Variant,439000,2021,Ojeté,124062,160,Hybridní,0,Automatická,Pohon předních kol
Volkswagen,Passat Variant,496000,2022,Ojeté,161604,147,Nafta,0,Automatická,4x4
Volkswagen,Passat Variant,407000,2022,Ojeté,158422,110,Nafta,0,Automatická,
Škoda,Octavia,780000,2023,Ojeté,66352,180,Benzín,0,Automatická,
Volkswagen,Passat Variant,689000,2024,Ojeté,50000,110,Nafta,0,Automatická,
Kia,Sorento,1474980,2026,Nové,1,142,Nafta,0,Automatická,4x4
Mercedes-Benz,GLE,1899000,2021,Ojeté,84131,320,Benzín,0,Automatická,4x4
Volkswagen,Golf Variant,487000,2023,Ojeté,132206,110,Nafta,0,Automatická,
Volkswagen,ID.3,385000,2021,Ojeté,140859,150,Elektro,77,Automatická,
Volkswagen,Passat Variant,414000,2022,Ojeté,181573,110,Nafta,0,Manuální,
Volkswagen,Passat Variant,582000,2022,Ojeté,146543,147,Nafta,0,Automatická,
Volkswagen,ID.3,449000,2021,Ojeté,55782,150,Elektro,58,Automatická,
Škoda,Octavia,460000,2021,Ojeté,120729,110,Nafta,0,Automatická,
Volkswagen,ID.4,649000,2023,Ojeté,54710,150,Elektro,77,Automatická,
Seat,Ateca,454000,2022,Ojeté,129063,110,Nafta,0,Automatická,
Volkswagen,Arteon,692000,2023,Ojeté,38856,110,Nafta,0,Automatická,
Škoda,Octavia,482000,2022,Ojeté,62193,110,Benzín,0,Manuální,
Volkswagen,ID.4,553000,2021,Ojeté,99710,150,Elektro,77,Automatická,
Škoda,Octavia,398000,2021,Ojeté,142390,110,Benzín,0,Manuální,
Škoda,Kodiaq,689000,2023,Ojeté,142225,110,Nafta,0,Automatická,4x4
Volkswagen,Passat,462000,2022,Ojeté,133563,110,Nafta,0,Automatická,
Seat,Ateca,422000,2020,Ojeté,167337,110,Nafta,0,Automatická,
Volkswagen,ID.4,616000,2023,Ojeté,55506,150,Elektro,77,Automatická,
Škoda,Octavia,418000,2021,Ojeté,145299,110,Nafta,0,Manuální,
Volkswagen,Passat,476000,2020,Ojeté,176886,110,Nafta,0,Automatická,
Volkswagen,Passat,639000,2021,Ojeté,110838,147,Nafta,0,Automatická,4x4
Volkswagen,Passat,626000,2022,Ojeté,66758,110,Nafta,0,Automatická,
Volvo,XC90,479000,2016,Ojeté,242850,173,Nafta,0,Automatická,4x4
Volkswagen,Arteon Shooting Brake,573000,2022,Ojeté,121524,160,Hybridní,0,Automatická,
Škoda,Octavia,596000,2024,Ojeté,30000,110,Benzín,0,Automatická,
Škoda,Kodiaq,929000,2024,Ojeté,68432,147,Nafta,0,Automatická,4x4
Volkswagen,Arteon Shooting Brake,816000,2023,Ojeté,35371,110,Nafta,0,Automatická,
Volvo,XC60,1269000,2024,Ojeté,22193,335,Hybridní,0,Automatická,4x4
Volkswagen,ID.4,615000,2022,Ojeté,48851,150,Elektro,77,Automatická,
Škoda,Octavia,432000,2022,Ojeté,161416,110,Nafta,0,Automatická,
Dodge,Ram,999999,2019,Ojeté,173000,295,Benzín,0,Automatická,
Volkswagen,Sharan,447000,2015,Ojeté,148736,103,Nafta,0,Automatická,
Volkswagen,Arteon Shooting Brake,848000,2022,Ojeté,24428,147,Nafta,0,Automatická,
Škoda,Octavia,472000,2022,Ojeté,85374,110,Benzín,0,Manuální,
Volkswagen,Tiguan,998000,2023,Ojeté,42025,147,Nafta,0,Automatická,4x4
Škoda,Octavia,450000,2022,Ojeté,97832,110,Benzín,0,Manuální,
Škoda,Kodiaq,862000,2023,Ojeté,43205,147,Nafta,0,Automatická,4x4
Volkswagen,Tiguan Allspace,830000,2023,Ojeté,40630,110,Nafta,0,Automatická,4x4
Volkswagen,Tiguan Allspace,696000,2023,Ojeté,163067,147,Nafta,0,Automatická,4x4
Volkswagen,Passat,682000,2021,Ojeté,66478,206,Benzín,0,Automatická,4x4
Volkswagen,Sharan,484000,2017,Ojeté,141085,110,Nafta,0,Automatická,
Škoda,Octavia,538000,2022,Ojeté,60287,110,Benzín,0,Automatická,
Škoda,Octavia,429000,2023,Ojeté,117244,110,Benzín,0,Manuální,
Volkswagen,ID.3,444000,2021,Ojeté,54077,107,Elektro,58,Automatická,
Volkswagen,Tiguan,490000,2017,Ojeté,107591,140,Nafta,0,Automatická,4x4
Škoda,Octavia,594000,2022,Ojeté,136456,147,Nafta,0,Automatická,
Volkswagen,Passat Variant,618000,2024,Ojeté,45186,110,Nafta,0,Automatická,
Volkswagen,Touran,399000,2016,Ojeté,120357,110,Benzín,0,Manuální,
Volkswagen,ID.4,728000,2023,Ojeté,91633,220,Elektro,77,Automatická,4x4
Škoda,Enyaq iV,630000,2020,Ojeté,120400,150,Elektro,82,Automatická,
Volkswagen,Passat,499000,2023,Ojeté,105360,110,Nafta,0,Automatická,
Škoda,Enyaq iV,695000,2021,Ojeté,58810,150,Elektro,82,Automatická,
Škoda,Enyaq iV,539000,2021,Ojeté,85147,132,Elektro,62,Automatická,
Volkswagen,Golf,482000,2023,Ojeté,148276,140,Benzín,0,Automatická,
Cupra,Formentor,715000,2023,Ojeté,46380,140,Benzín,0,Automatická,4x4
Škoda,Octavia,716000,2023,Ojeté,66905,147,Nafta,0,Automatická,
Ford,Tourneo Custom,1169900,2026,Nové,10,110,Nafta,0,Manuální,Pohon předních kol
Volkswagen,Touran,582000,2021,Ojeté,125000,110,Nafta,0,Automatická,
Škoda,Octavia,487000,2023,Ojeté,99006,110,Nafta,0,Manuální,
Škoda,Octavia,553000,2021,Ojeté,72108,150,Hybridní,0,Automatická,
Kia,Sorento,1489980,2026,Nové,0,132,Hybridní,0,Automatická,4x4
Škoda,Octavia,422000,2022,Ojeté,128054,110,Benzín,0,Manuální,
Seat,Leon,517000,2022,Ojeté,34478,110,Benzín,0,Automatická,
Volkswagen,ID.3,390000,2020,Ojeté,120693,150,Elektro,62,Automatická,
Volkswagen,Tiguan Allspace,699000,2023,Ojeté,146770,147,Nafta,0,Automatická,4x4
Kia,Picanto,49800,2006,Ojeté,55000,45,Benzín,0,Manuální,
Mazda,CX-60,1544990,2026,Nové,1,187,Nafta,0,Automatická,4x4
Mazda,6e,1058400,2026,Nové,1,190,Elektro,69,Automatická,Pohon zadních kol
Volkswagen,Taigo,572000,2023,Ojeté,92341,110,Benzín,0,Automatická,
Seat,Alhambra,534000,2021,Ojeté,150000,110,Benzín,0,Manuální,
Fiat,Bravo,94800,2011,Ojeté,80000,66,Benzín,0,Manuální,
Fiat,Panda,109800,2011,Ojeté,150000,51,Benzín,0,Manuální,4x4
Mazda,CX-30,687790,2026,Nové,2,103,Benzín,0,Manuální,Pohon předních kol
Škoda,Octavia,488000,2021,Ojeté,75000,150,Hybridní,0,Automatická,
Mazda,CX-30,810790,2025,Nové,2,103,Benzín,0,Automatická,Pohon předních kol
Kia,Cee´d,599000,2025,Nové,0,103,Benzín,0,Automatická,Pohon předních kol
Opel,Meriva,54800,2007,Ojeté,100000,66,Benzín,0,Manuální,
Renault,Clio,64800,2008,Ojeté,100000,55,Benzín,0,Manuální,
Škoda,Yeti,239800,2015,Ojeté,175000,110,Nafta,0,Manuální,4x4
Škoda,Octavia,619000,2022,Ojeté,25779,150,Hybridní,0,Automatická,
Škoda,Octavia,482000,2022,Ojeté,118251,150,Hybridní,0,Automatická,
Škoda,Octavia,159800,2014,Ojeté,225000,110,Nafta,0,Manuální,
Mazda,CX-30,799990,2026,Nové,1,103,Benzín,0,Automatická,Pohon předních kol
Volkswagen,Arteon Shooting Brake,593000,2022,Ojeté,99215,160,Hybridní,0,Automatická,
Škoda,Octavia,399000,2022,Ojeté,139304,85,Nafta,0,Manuální,
Volkswagen,ID.4,515000,2022,Ojeté,30000,125,Elektro,52,Automatická,
Škoda,Fabia,69800,2008,Ojeté,150000,63,Benzín,0,Manuální,
Kia,Venga,129800,2011,Ojeté,90000,66,Benzín,0,Manuální,
Volkswagen,Golf,229800,2013,Ojeté,200000,110,Nafta,0,Manuální,4x4
Hyundai,ix20,119800,2012,Ojeté,130000,66,Benzín,0,Manuální,
Volkswagen,Golf Plus,99800,2006,Ojeté,120000,77,Nafta,0,Manuální,
Hyundai,ix20,114800,2011,Ojeté,100000,66,Benzín,0,Manuální,
Mitsubishi,Colt,54800,2006,Ojeté,140000,70,Benzín,0,Manuální,
Volkswagen,Polo,79800,2007,Ojeté,90000,44,Benzín,0,Manuální,
Citroën,Berlingo,144800,2013,Ojeté,155000,72,Benzín,0,Manuální,
BMW,X3,729000,2019,Ojeté,139083,195,Nafta,0,Automatická,4x4
Fiat,Panda,64800,2005,Ojeté,120000,44,Benzín,0,Manuální,4x4
Audi,A4,214800,2011,Ojeté,130000,100,Nafta,0,Manuální,
Volkswagen,Touran,169800,2014,Ojeté,185000,77,Nafta,0,Manuální,
Volkswagen,Caddy,209800,2011,Ojeté,265000,81,Nafta,0,Manuální,4x4
Suzuki,SX4,159800,2010,Ojeté,95000,88,Benzín,0,Manuální,4x4
Mercedes-Benz,Třídy G,3999000,2021,Ojeté,42743,515,Benzín,0,Automatická,4x4
Kia,Rio,144800,2014,Ojeté,75000,51,Benzín,0,Manuální,
Citroën,C2,34800,2004,Ojeté,120000,44,Benzín,0,Manuální,
NIO,ET5,1190000,2024,Ojeté,54749,360,Elektro,100,Automatická,4x4
Ford,Tourneo Courier,529900,2026,Nové,10,92,Benzín,0,Manuální,Pohon předních kol
Dacia,Sandero,119800,2016,Ojeté,120000,54,Benzín,0,Manuální,
Volkswagen,Passat,369800,2018,Ojeté,160000,140,Nafta,0,Manuální,
Volkswagen,Tiguan,175000,2011,Ojeté,150000,118,Benzín,0,Manuální,4x4
Volkswagen,Passat,54800,2003,Ojeté,255000,96,Nafta,0,Manuální,
Seat,Altea,84800,2011,Ojeté,170000,77,Nafta,0,Manuální,
Volkswagen,Golf,109800,2010,Ojeté,185000,66,Nafta,0,Manuální,
Volvo,XC90,629000,2016,Ojeté,192873,177,Nafta,0,Automatická,4x4
Hyundai,ix35,279800,2015,Ojeté,70000,100,Nafta,0,Manuální,4x4
Mazda,2,129800,2014,Ojeté,70000,55,Benzín,0,Manuální,
Ford,C-MAX,89800,2010,Ojeté,145000,74,Benzín,0,Manuální,
Volkswagen,Golf Plus,80000,2010,Ojeté,160000,90,Benzín,0,Manuální,
Ford,C-MAX,94800,2010,Ojeté,130000,74,Benzín,0,Manuální,
Opel,Astra,79800,2013,Ojeté,190000,81,Nafta,0,Manuální,
Mercedes-Benz,Třídy A,729000,2024,Ojeté,17528,110,Nafta,0,Automatická,Pohon předních kol
Hyundai,i20,129800,2014,Ojeté,100000,74,Benzín,0,Manuální,
Hyundai,i30,144800,2014,Ojeté,115000,88,Benzín,0,Manuální,
Hyundai,i20,169800,2017,Ojeté,65000,55,Benzín,0,Manuální,
Fiat,Punto,79800,2009,Ojeté,100000,55,Benzín,0,Manuální,
Volkswagen,Tiguan,149800,2009,Ojeté,215000,103,Nafta,0,Manuální,4x4
Audi,A6,109800,2007,Ojeté,250000,171,Nafta,0,Manuální,4x4
Kia,Stonic,170000,2018,Ojeté,195000,62,Benzín,0,Manuální,
Hyundai,ix35,284800,2014,Ojeté,90000,135,Nafta,0,Manuální,4x4
Peugeot,208,99800,2013,Ojeté,60000,50,Benzín,0,Manuální,
Ford,C-MAX,149800,2011,Ojeté,125000,77,Benzín,0,Manuální,
Ford,Kuga,154800,2011,Ojeté,130000,120,Nafta,0,Manuální,4x4
Hyundai,ix20,99800,2013,Ojeté,130000,80,Nafta,0,Manuální,
Škoda,Octavia,174800,2011,Ojeté,185000,125,Nafta,0,Manuální,
Volvo,XC90,650000,2019,Ojeté,241750,183,Nafta,0,Automatická,4x4
Audi,A4,154800,2008,Ojeté,265000,176,Nafta,0,Manuální,4x4
Volkswagen,Golf Plus,159800,2009,Ojeté,135000,81,Nafta,0,Manuální,
Fiat,Punto,74800,2011,Ojeté,95000,51,Benzín,0,Manuální,
Opel,Astra,44800,2010,Ojeté,200000,66,Benzín,0,Manuální,
Škoda,Yeti,164800,2011,Ojeté,175000,103,Nafta,0,Manuální,4x4
Seat,Ibiza,119800,2012,Ojeté,65000,51,Benzín,0,Manuální,
Škoda,Yeti,169800,2011,Ojeté,164000,103,Nafta,0,Manuální,4x4
Volkswagen,Golf,94800,2006,Ojeté,45000,59,Benzín,0,Manuální,
Audi,SQ5,1629000,2022,Ojeté,68700,251,Nafta,0,Automatická,4x4
Škoda,Fabia,114800,2014,Ojeté,105000,44,Benzín,0,Manuální,
Renault,Mégane,109800,2009,Ojeté,95000,81,Nafta,0,Manuální,
Opel,Mokka,189800,2013,Ojeté,115000,96,Nafta,0,Manuální,4x4
Mazda,2,119800,2012,Ojeté,100000,55,Benzín,0,Manuální,
Opel,Meriva,54800,2010,Ojeté,145000,66,Benzín,0,Manuální,
Mercedes-Benz,Třídy E,989000,2023,Ojeté,44170,225,Hybridní,0,Automatická,4x4
Volkswagen,Golf Sportsvan,329000,2015,Ojeté,87695,110,Nafta,0,Automatická,Pohon předních kol
BMW,Řada 3,899000,2019,Ojeté,98411,275,Benzín,0,Automatická,4x4
Ford,Tourneo Custom,1646890,2026,Nové,90,125,Nafta,0,Automatická,Pohon předních kol
Land Rover,Discovery,2639000,2026,Nové,0,257,Nafta,0,Automatická,4x4
BMW,Řada 1,385000,2013,Ojeté,166216,235,Benzín,0,Automatická,4x4
Kia,Cee´d,370000,2019,Ojeté,52000,103,Benzín,0,Manuální,Pohon předních kol
Mercedes-Benz,Třídy G,1549000,2014,Ojeté,102724,400,Benzín,0,Automatická,4x4
Mazda,3,469000,2022,Ojeté,43250,110,Benzín,0,Manuální,Pohon předních kol
Volkswagen,Golf,329000,2015,Ojeté,87695,110,Nafta,0,Automatická,Pohon předních kol
Mercedes-Benz,Třídy E,145000,2007,Ojeté,281000,125,Nafta,0,Automatická,Pohon zadních kol
BMW,X6,1429000,2020,Ojeté,64332,195,Nafta,0,Automatická,4x4
Mercedes-Benz,GLA,849000,2024,Ojeté,28677,110,Nafta,0,Automatická,Pohon předních kol
Ford,Mustang,1270500,2022,Ojeté,18000,331,Benzín,0,Automatická,Pohon zadních kol
Mercedes-Benz,GLC,1589000,2025,Ojeté,31151,145,Nafta,0,Automatická,4x4
Peugeot,2008,599000,2022,Ojeté,36694,96,Nafta,0,Automatická,Pohon předních kol
Škoda,Octavia,179000,2010,Ojeté,254603,103,Nafta,0,Manuální,Pohon předních kol
Audi,A6,629000,2018,Ojeté,150360,210,Nafta,0,Automatická,4x4
Seat,Leon,249000,2015,Ojeté,237261,206,Benzín,0,Manuální,Pohon předních kol
BMW,M3,1599000,2012,Ojeté,45067,309,Benzín,0,Automatická,Pohon zadních kol
Volkswagen,Golf,405000,2021,Ojeté,99900,96,Benzín,0,Manuální,Pohon předních kol
Mercedes-Benz,AMG GT,2299000,2023,Ojeté,22905,320,Benzín,0,Automatická,4x4
Audi,e-tron,590000,2020,Ojeté,85738,230,Elektro,71,Automatická,4x4
Dodge,Challenger,894190,2023,Ojeté,39000,280,Benzín,0,Automatická,Pohon zadních kol
Škoda,Fabia,269999,2024,Ojeté,168000,59,Benzín,0,Manuální,
Ford,Tourneo Custom,1180000,2024,Ojeté,18397,125,Nafta,0,Automatická,
BMW,X6,499000,2015,Ojeté,260996,190,Nafta,0,Automatická,4x4
Peugeot,308,54990,2007,Ojeté,268261,80,Nafta,0,Manuální,Pohon předních kol
Ford,Kuga,720000,2026,Nové,10,137,Benzín,0,Automatická,Pohon předních kol
Škoda,Octavia,288000,2018,Ojeté,180000,110,Benzín,0,Automatická,Pohon předních kol
Peugeot,Partner,210000,2016,Ojeté,77840,88,Nafta,0,Manuální,Pohon předních kol
BMW,Řada 5,265000,2014,Ojeté,175900,140,Nafta,0,Automatická,4x4
Volkswagen,Passat,280000,2018,Ojeté,240000,140,Nafta,0,Automatická,Pohon předních kol
Volkswagen,Sharan,430000,2016,Ojeté,155000,110,Nafta,0,Manuální,Pohon předních kol
Chrysler,Pacifica,785290,2021,Ojeté,101000,216,Benzín,0,Automatická,
Dodge,Durango,954690,2021,Ojeté,121500,268,Benzín,0,Automatická,4x4
Škoda,Kamiq,415000,2022,Ojeté,121000,81,Benzín,0,Automatická,Pohon předních kol
Ford,Grand C-MAX,149990,2011,Ojeté,148717,103,Nafta,0,Manuální,Pohon předních kol
BMW,X3,880000,2019,Ojeté,80200,240,Nafta,0,Automatická,4x4
Volkswagen,Golf,234900,2013,Ojeté,181923,110,Nafta,0,Automatická,Pohon předních kol
Audi,Q7,999000,2018,Ojeté,141000,210,Nafta,0,Automatická,4x4
Škoda,Octavia,315000,2019,Ojeté,129000,110,Benzín,0,Manuální,Pohon předních kol
Mercedes-Benz,GLE,2549000,2023,Ojeté,64000,450,Benzín,0,Automatická,4x4
Seat,Leon,616000,2023,Ojeté,26142,110,Benzín,0,Automatická,Pohon předních kol
Mercedes-Benz,Třídy G,4499000,2024,Ojeté,5701,430,Benzín,0,Automatická,4x4
Mercedes-Benz,EQE,1749000,2022,Ojeté,32000,460,Elektro,100,Automatická,4x4
Mercedes-Benz,Třídy V,1749000,2023,Ojeté,70000,174,Nafta,0,Automatická,Pohon zadních kol
Toyota,Rav4,799000,2021,Ojeté,58000,131,Hybridní,0,Automatická,4x4
Škoda,Octavia,55000,2007,Ojeté,369000,103,Nafta,0,Manuální,Pohon předních kol
Porsche,Boxster,2999900,2023,Ojeté,9000,309,Benzín,0,Automatická,Pohon zadních kol
Škoda,Kodiaq,399000,2018,Ojeté,95000,110,Nafta,0,Manuální,4x4
Audi,A6 Avant,649000,2019,Ojeté,147000,120,Nafta,0,Automatická,4x4
Toyota,Verso,249900,2013,Ojeté,102713,97,Benzín,0,Manuální,Pohon předních kol
BMW,Z4,1849000,2025,Ojeté,12400,250,Benzín,0,Automatická,Pohon zadních kol
Toyota,Aygo,249900,2019,Ojeté,57100,53,Benzín,0,Automatická,Pohon předních kol
Toyota,Rav4,435000,2016,Ojeté,165064,114,Hybridní,0,Automatická,4x4
BMW,Řada 5,1069000,2021,Ojeté,115000,210,Nafta,0,Automatická,4x4
Toyota,Corolla,459000,2020,Ojeté,111502,90,Hybridní,0,Automatická,Pohon předních kol
Mercedes-Benz,Třídy S,359000,1992,Ojeté,83000,240,Benzín,0,Automatická,Pohon zadních kol
Škoda,Superb,415000,2019,Ojeté,62000,110,Benzín,0,Automatická,Pohon předních kol
Mercedes-Benz,GLE,1590000,2019,Ojeté,71000,270,Benzín,0,Automatická,4x4
Volkswagen,Caravelle,499000,2013,Ojeté,299000,103,Nafta,0,Manuální,Pohon předních kol
Mercedes-Benz,Třídy G,2779000,2016,Ojeté,39600,420,Benzín,0,Automatická,4x4
Audi,RS3,1329000,2021,Ojeté,38000,294,Benzín,0,Automatická,4x4
Land Rover,Range Rover,3999000,2025,Předváděcí,12900,404,Hybridní,0,Automatická,4x4
BMW,Řada 5,849900,2020,Ojeté,90860,250,Benzín,0,Automatická,Pohon předních kol
Toyota,Rav4,799900,2022,Ojeté,81245,163,Hybridní,0,Automatická,4x4
Škoda,Superb,699900,2021,Ojeté,121360,147,Nafta,0,Automatická,4x4
Škoda,Superb,549900,2020,Ojeté,185125,140,Nafta,0,Automatická,4x4
Škoda,Fabia,249900,2022,Ojeté,113200,70,Benzín,0,Manuální,
Škoda,Superb,499900,2019,Ojeté,115300,140,Nafta,0,Automatická,Pohon předních kol
Alfa Romeo,Giulia,585000,2018,Ojeté,95000,110,Nafta,0,Automatická,Pohon zadních kol
Mercedes-Benz,GLE,3199900,2026,Nové,25,455,Hybridní,0,Automatická,4x4
Mercedes-Benz,Třídy E,599900,2016,Ojeté,95600,200,Benzín,0,Automatická,Pohon zadních kol
Ford,Transit Custom,875000,2026,Nové,10,100,Nafta,0,Manuální,Pohon předních kol
SsangYong,Musso,699900,2024,Ojeté,60260,148,Nafta,0,Automatická,4x4
Audi,A3,349900,2016,Ojeté,140775,110,Nafta,0,Automatická,Pohon předních kol
Volvo,XC90,1949900,2026,Ojeté,20,335,Hybridní,0,Automatická,4x4
Volkswagen,Golf,469900,2019,Ojeté,189880,221,Benzín,0,Automatická,4x4
Citroën,C5 Aircross,649000,2021,Ojeté,43100,165,Hybridní,0,Automatická,Pohon předních kol
Audi,RS6,3699900,2025,Ojeté,8100,463,Benzín,0,Automatická,4x4
Škoda,Kodiaq,599900,2019,Ojeté,74200,110,Nafta,0,Automatická,Pohon předních kol
Audi,SQ8,1749900,2022,Ojeté,47930,373,Benzín,0,Automatická,4x4
BMW,Řada 5,899900,2021,Ojeté,117560,210,Nafta,0,Automatická,4x4
BMW,M4,1999000,2022,Ojeté,34000,375,Benzín,0,Automatická,Pohon zadních kol
Volvo,XC60,949900,2023,Ojeté,95490,186,Hybridní,0,Automatická,4x4
Mercedes-Benz,GLE,2599900,2026,Nové,20,270,Nafta,0,Automatická,4x4
BMW,Řada 1,479900,2014,Ojeté,114505,235,Benzín,0,Automatická,
Škoda,Enyaq iV,999900,2023,Ojeté,29998,220,Elektro,82,Automatická,4x4
Audi,Q7,2099900,2026,Nové,50,210,Nafta,0,Automatická,4x4
Toyota,Rav4,899900,2024,Ojeté,60855,163,Hybridní,0,Automatická,4x4
Audi,A6 allroad,2099900,2025,Ojeté,20,253,Nafta,0,Automatická,4x4
Audi,Q3,599900,2019,Ojeté,115400,140,Nafta,0,Automatická,
Ford,Kuga,907900,2026,Nové,10,178,Hybridní,0,Automatická,Pohon předních kol
Jaguar,F-Type,899900,2018,Ojeté,55580,250,Benzín,0,Automatická,Pohon předních kol
Audi,Q8,2499900,2026,Nové,30,210,Nafta,0,Automatická,4x4
Škoda,Karoq,629900,2022,Ojeté,29998,110,Benzín,0,Automatická,Pohon předních kol
Volkswagen,Golf,499900,2020,Ojeté,113400,135,Nafta,0,Automatická,4x4
Bentley,Continental GT,1799900,2016,Ojeté,52315,434,Benzín,0,Automatická,4x4
Škoda,Kodiaq,749900,2023,Ojeté,149987,147,Nafta,0,Automatická,4x4
Škoda,Kamiq,449900,2021,Ojeté,97310,110,Benzín,0,Manuální,Pohon předních kol
Dodge,Charger,1199000,2021,Ojeté,32000,362,Benzín,0,Automatická,Pohon zadních kol
Škoda,Superb,429900,2021,Ojeté,187200,110,Nafta,0,Automatická,
Cupra,Leon,649900,2022,Ojeté,120645,228,Benzín,0,Automatická,4x4
Audi,Q8,2199900,2025,Ojeté,11998,210,Nafta,0,Automatická,4x4
Kia,ProCeed,549900,2022,Ojeté,85995,150,Benzín,0,Automatická,Pohon předních kol
Škoda,Superb,339700,2016,Ojeté,167800,110,Benzín,0,Automatická,Pohon předních kol
Hyundai,i30,420000,2023,Ojeté,41070,118,Benzín,0,Manuální,
Volvo,XC60,829900,2021,Ojeté,118005,186,Hybridní,0,Automatická,4x4
BMW,Řada 7,999900,2018,Ojeté,69720,294,Nafta,0,Automatická,4x4
Mercedes-Benz,Třídy E,1699900,2023,Ojeté,16998,240,Hybridní,0,Automatická,4x4
BMW,Řada 3,1049900,2023,Ojeté,47052,140,Nafta,0,Automatická,4x4
Volkswagen,Touareg,1049900,2021,Ojeté,129980,210,Nafta,0,Automatická,4x4
Audi,SQ7,2899900,2026,Ojeté,50,373,Benzín,0,Automatická,4x4
Audi,Q5,1749900,2026,Ojeté,50,150,Hybridní,0,Automatická,4x4
Kia,Cee´d,599000,2025,Nové,0,103,Benzín,0,Automatická,Pohon předních kol
Kia,ProCeed,599900,2022,Ojeté,63810,150,Benzín,0,Automatická,Pohon předních kol
Mercedes-Benz,Třídy S,899900,2017,Ojeté,139505,270,Benzín,0,Automatická,4x4
Škoda,Octavia,470000,2021,Ojeté,128504,150,Hybridní,0,Automatická,
Audi,Q5,749900,2019,Ojeté,121785,210,Nafta,0,Automatická,4x4
Volvo,XC90,1999900,2026,Nové,10,184,Benzín,0,Automatická,4x4
Škoda,Superb,699900,2022,Ojeté,74050,160,Hybridní,0,Automatická,Pohon předních kol
Audi,Q7,999900,2022,Ojeté,150790,210,Nafta,0,Automatická,4x4
Škoda,Karoq,500000,2021,Ojeté,93584,110,Benzín,0,Manuální,
Porsche,Panamera,1679900,2019,Ojeté,99890,338,Benzín,0,Automatická,4x4
Mercedes-Benz,GLE,2799900,2026,Nové,20,270,Nafta,0,Automatická,4x4
Peugeot,508,695000,2022,Ojeté,33450,165,Hybridní,0,Automatická,Pohon předních kol
Audi,e-tron,652190,2020,Ojeté,66500,230,Elektro,71,,
Opel,Corsa,299000,2020,Ojeté,93480,100,Elektro,50,Automatická,
Volkswagen,ID.3,418000,2020,Ojeté,135868,150,Elektro,62,Automatická,
Volkswagen,ID.3,418000,2020,Ojeté,135612,150,Elektro,62,Automatická,
Seat,Leon,409000,2021,Ojeté,148014,110,Benzín,0,Automatická,
Kia,EV6,769000,2022,Ojeté,54531,239,Elektro,77,Automatická,4x4
Škoda,Superb,650000,2021,Ojeté,63803,160,Hybridní,0,Automatická,
Hyundai,i30,140000,2013,Ojeté,156205,94,Nafta,0,Manuální,
Opel,Corsa,289000,2020,Ojeté,72957,100,Elektro,50,Automatická,
Škoda,Enyaq iV,529000,2021,Ojeté,101739,132,Elektro,62,Automatická,
Volvo,V60,599000,2021,Ojeté,111704,145,Nafta,0,Automatická,
Volkswagen,ID.4,537000,2022,Ojeté,117413,150,Elektro,82,Automatická,
Škoda,Octavia,340000,2017,Ojeté,119769,110,Nafta,0,Manuální,4x4
Seat,Leon,289900,2015,Ojeté,158976,110,Benzín,0,Automatická,Pohon předních kol
Volkswagen,Taigo,479000,2022,Ojeté,69294,110,Benzín,0,Automatická,
Škoda,Octavia,480000,2020,Ojeté,82041,110,Benzín,0,Manuální,
Škoda,Kodiaq,597000,2021,Ojeté,167000,110,Nafta,0,Automatická,Pohon předních kol
Renault,ZOE,239000,2018,Ojeté,22728,68,Elektro,41,Automatická,
Volkswagen,Golf,447000,2022,Ojeté,135955,110,Nafta,0,Automatická,
Opel,Grandland,348000,2022,Ojeté,131347,96,Benzín,0,Manuální,
Mazda,CX-5,429000,2017,Ojeté,146606,121,Benzín,0,Automatická,
Citroën,Grand C4 Picasso,229000,2017,Ojeté,146674,96,Benzín,0,Manuální,
Ford,Focus,329000,2019,Ojeté,138297,134,Benzín,0,Manuální,
Renault,Espace,229000,2015,Ojeté,212587,147,Benzín,0,Automatická,
Fiat,500X,238000,2018,Ojeté,110352,103,Benzín,0,Manuální,
Citroën,Grand C4 SpaceTourer,277000,2020,Ojeté,129503,96,Nafta,0,Manuální,
Tesla,Model X,769000,2017,Ojeté,103282,386,Elektro,100,Automatická,4x4
Opel,Corsa,269000,2020,Ojeté,98150,100,Elektro,50,Automatická,
MG,ZS,309000,2020,Ojeté,94166,105,Elektro,45,Automatická,
Volvo,V60,348000,2017,Ojeté,164637,140,Nafta,0,Automatická,4x4
Volvo,S60,935000,2024,Ojeté,24324,335,Hybridní,0,Automatická,4x4
Seat,Leon,428000,2021,Ojeté,121711,110,Benzín,0,Automatická,
Volkswagen,ID.4,498000,2021,Ojeté,130613,150,Elektro,82,Automatická,
Ford,S-MAX,288000,2021,Ojeté,176867,110,Nafta,0,Manuální,
MG,ZS,309000,2020,Ojeté,94948,105,Elektro,45,Automatická,
Audi,A3,487000,2021,Ojeté,139529,110,Benzín,0,Automatická,
Volkswagen,Transporter,569000,2019,Ojeté,87217,75,Nafta,0,Manuální,
Škoda,Superb,229000,2012,Ojeté,172343,191,Benzín,0,Automatická,4x4
Volvo,V60,989000,2026,Nové,0,145,Benzín,0,Automatická,
Peugeot,5008,339000,2017,Ojeté,109551,96,Benzín,0,Manuální,
Tesla,Model S,499000,2017,Ojeté,119116,235,Elektro,75,Automatická,
Volkswagen,Passat,249000,2017,Ojeté,244318,110,Nafta,0,Automatická,
Tesla,Model 3,538000,2020,Ojeté,123298,324,Elektro,75,Automatická,4x4
Polestar,2,559000,2020,Ojeté,138881,300,Elektro,78,Automatická,4x4
Tesla,Model 3,598000,2020,Ojeté,101179,377,Elektro,75,Automatická,4x4
Tesla,Model 3,538000,2019,Ojeté,119120,324,Elektro,75,Automatická,4x4
Seat,Leon,367000,2020,Ojeté,149950,110,Nafta,0,Automatická,
Jaguar,E-Pace,459000,2019,Ojeté,92019,147,Benzín,0,Automatická,4x4
Land Rover,Discovery,439000,2013,Ojeté,139963,188,Nafta,0,Automatická,4x4
Ford,Puma,495900,2026,Nové,13,92,Benzín,0,Manuální,Pohon předních kol
Škoda,Superb,358000,2017,Ojeté,142950,110,Nafta,0,Automatická,
Volvo,,1079000,2026,Nové,0,175,Elektro,0,Automatická,Pohon zadních kol
Škoda,Superb,228000,2014,Ojeté,217314,125,Nafta,0,Automatická,
Citroën,Grand C4 SpaceTourer,269000,2018,Ojeté,112901,96,Nafta,0,Manuální,
Peugeot,5008,388000,2019,Ojeté,137070,96,Nafta,0,Automatická,
Ford,Focus,328000,2022,Ojeté,115000,88,Nafta,0,Manuální,
Tesla,Model 3,598000,2020,Ojeté,115119,377,Elektro,75,Automatická,4x4
MG,ZS,299000,2019,Ojeté,86692,105,Elektro,45,Automatická,
Cupra,Formentor,695000,2022,Ojeté,52879,228,Benzín,0,Automatická,4x4
Tesla,Model 3,568000,2019,Ojeté,76906,324,Elektro,75,Automatická,4x4
Opel,Grandland,509000,2023,Ojeté,59000,96,Benzín,0,Manuální,
Mitsubishi,Eclipse Cross,388000,2018,Ojeté,75083,120,Benzín,0,Automatická,
Cupra,Born,469000,2022,Ojeté,99981,150,Elektro,62,Automatická,
Opel,Astra,528000,2023,Ojeté,38000,96,Nafta,0,Automatická,
Škoda,Superb,387000,2022,Ojeté,191643,110,Benzín,0,Automatická,
MG,MG5,479000,2022,Ojeté,44865,115,Elektro,61,Automatická,
Škoda,Superb,148000,2011,Ojeté,214020,103,Nafta,0,Manuální,
Škoda,Superb,369000,2020,Ojeté,186480,110,Benzín,0,Automatická,
Land Rover,Range Rover Sport,398000,2016,Ojeté,179639,190,Nafta,0,Automatická,4x4
Peugeot,2008,379000,2020,Ojeté,91086,100,Elektro,50,Automatická,
Tesla,Model S,699000,2018,Ojeté,119702,386,Elektro,100,Automatická,
Volkswagen,ID.3,418000,2020,Ojeté,89109,150,Elektro,62,Automatická,
Opel,Astra,698000,2022,Ojeté,17000,133,Hybridní,0,Automatická,
Škoda,Octavia,229000,2018,Ojeté,186178,85,Nafta,0,Manuální,
Cupra,Born,459000,2021,Ojeté,111170,150,Elektro,62,Automatická,
Peugeot,508,428000,2019,Ojeté,119105,133,Benzín,0,Automatická,
Land Rover,Range Rover Evoque,1619000,2025,Nové,0,120,Nafta,0,Automatická,4x4
Tesla,Model 3,489000,2021,Ojeté,156777,239,Elektro,60,Automatická,
Volkswagen,ID.3,429000,2020,Ojeté,113421,150,Elektro,62,Automatická,
Mazda,6,519000,2021,Ojeté,118168,121,Benzín,0,Automatická,
Volkswagen,ID.3,388000,2020,Ojeté,118327,150,Elektro,62,Automatická,
Volkswagen,Golf,450000,2022,Ojeté,54019,96,Benzín,0,Manuální,Pohon předních kol
Cupra,Born,449000,2022,Ojeté,120182,150,Elektro,62,Automatická,
Mercedes-Benz,Třídy C,219000,2013,Ojeté,206010,125,Nafta,0,Automatická,
Nissan,LEAF,299000,2020,Ojeté,91324,110,Elektro,40,Automatická,
Volkswagen,ID.3,407000,2020,Ojeté,101340,150,Elektro,62,Automatická,
Volkswagen,ID.3,367000,2020,Ojeté,142102,150,Elektro,62,Automatická,
Volkswagen,ID.4,529000,2020,Ojeté,120558,150,Elektro,82,Automatická,
Ford,Mustang Mach-E,537000,2021,Ojeté,136696,198,Elektro,75,Automatická,
Volkswagen,ID.3,397000,2020,Ojeté,109850,150,Elektro,62,Automatická,
Mazda,3,348000,2019,Ojeté,144529,90,Benzín,0,Manuální,
Škoda,Superb,124000,2012,Ojeté,305610,125,Nafta,0,Automatická,
Citroën,Grand C4 Picasso,228000,2016,Ojeté,154002,88,Nafta,0,Automatická,
Land Rover,Freelander,84000,2007,Ojeté,296277,112,Nafta,0,Manuální,4x4
Volkswagen,ID.3,418000,2020,Ojeté,98750,150,Elektro,62,Automatická,
Volkswagen,ID.3,388000,2020,Ojeté,125474,150,Elektro,62,Automatická,
Peugeot,2008,349000,2020,Ojeté,118934,100,Elektro,50,Automatická,
Opel,Mokka,438000,2022,Ojeté,15166,100,Elektro,50,Automatická,
Peugeot,2008,360000,2020,Ojeté,123260,100,Elektro,50,Automatická,
Volkswagen,ID.4,569000,2022,Ojeté,97779,150,Elektro,82,Automatická,
Jaguar,XF,449000,2017,Ojeté,155814,280,Benzín,0,Automatická,4x4
Audi,SQ5,439000,2015,Ojeté,217041,230,Nafta,0,Automatická,4x4
Volkswagen,ID.3,408000,2020,Ojeté,100045,150,Elektro,62,Automatická,
Polestar,2,497000,2020,Ojeté,162574,300,Elektro,78,Automatická,4x4
Škoda,Superb,358000,2020,Ojeté,184797,110,Benzín,0,Automatická,
Ford,Mustang Mach-E,647000,2021,Ojeté,99093,210,Elektro,98,Automatická,
Opel,Corsa,309000,2020,Ojeté,100207,100,Elektro,50,Automatická,
Opel,Ampera,309000,2018,Ojeté,101510,150,Elektro,60,Automatická,
Volkswagen,Golf,328000,2021,Ojeté,180860,85,Nafta,0,Manuální,
Ford,Mustang Mach-E,537000,2021,Ojeté,138422,198,Elektro,75,Automatická,
Škoda,Octavia,319000,2018,Ojeté,153194,110,Benzín,0,Automatická,
Tesla,Model 3,559000,2019,Ojeté,99797,324,Elektro,75,Automatická,4x4
Jaguar,I-Pace,479000,2019,Ojeté,101049,294,Elektro,90,Automatická,4x4
Volkswagen,ID.4,469000,2021,Ojeté,141073,150,Elektro,82,Automatická,
Renault,Mégane,309000,2021,Ojeté,146254,85,Benzín,0,Manuální,
Tesla,Model 3,477000,2019,Ojeté,171484,324,Elektro,75,Automatická,4x4
Opel,Ampera,369000,2020,Ojeté,69779,150,Elektro,60,Automatická,
Škoda,Superb,279000,2016,Ojeté,218938,88,Nafta,0,Automatická,
Kia,Niro EV,399000,2020,Ojeté,137124,150,Elektro,0,Automatická,
Peugeot,2008,409000,2021,Ojeté,53885,100,Elektro,50,Automatická,
Volvo,XC40,989000,2026,Nové,0,120,Benzín,0,Automatická,
Audi,e-tron,609000,2020,Ojeté,139414,300,Elektro,95,Automatická,4x4
Volkswagen,ID.4,529000,2020,Ojeté,124889,150,Elektro,82,Automatická,
Volkswagen,ID.4,537000,2021,Ojeté,141133,150,Elektro,82,Automatická,
Kia,Niro EV,369000,2020,Ojeté,157155,150,Elektro,64,Automatická,
Tesla,Model 3,629000,2020,Ojeté,83997,377,Elektro,75,Automatická,
Hyundai,Kona,409000,2020,Ojeté,119567,150,Elektro,64,Automatická,
Tesla,Model 3,479000,2020,Ojeté,172225,324,Elektro,75,Automatická,4x4
Tesla,Model 3,437000,2019,Ojeté,195866,324,Elektro,75,Automatická,4x4
Kia,XCee´d,599000,2025,Nové,1,110,Benzín,0,Automatická,Pohon předních kol
Opel,Corsa,309000,2020,Ojeté,104538,100,Elektro,50,Automatická,
Tesla,Model 3,499000,2019,Ojeté,152029,324,Elektro,75,Automatická,4x4
Tesla,Model 3,478000,2019,Ojeté,175578,377,Elektro,75,Automatická,4x4
Citroën,ë-C4,339000,2020,Ojeté,110439,100,Elektro,50,Automatická,
Tesla,Model 3,569000,2021,Ojeté,155124,366,Elektro,79,Automatická,4x4
Tesla,Model 3,449000,2019,Ojeté,188099,324,Elektro,75,Automatická,4x4
Land Rover,Range Rover Sport,3129000,2026,Nové,0,221,Nafta,0,Automatická,4x4
Hyundai,Kona,429000,2020,Ojeté,92226,150,Elektro,64,Automatická,
Tesla,Model 3,538000,2019,Ojeté,111461,324,Elektro,75,Automatická,4x4
Tesla,Model 3,429000,2019,Ojeté,149819,239,Elektro,60,Automatická,
Kia,Niro EV,374000,2019,Ojeté,157605,150,Elektro,64,Automatická,
Volkswagen,Arteon,669000,2023,Ojeté,54551,110,Nafta,0,Automatická,Pohon předních kol
Citroën,ë-C4,387000,2021,Ojeté,27826,100,Elektro,50,Automatická,
Volkswagen,ID.3,409000,2020,Ojeté,101902,150,Elektro,62,Automatická,
Seat,Leon,249000,2020,Ojeté,218918,96,Benzín,0,Manuální,
Volkswagen,Golf,529000,2024,Ojeté,86424,110,Nafta,0,Automatická,
Volkswagen,ID.3,429000,2020,Ojeté,113111,150,Elektro,62,Automatická,
Opel,Insignia,374000,2021,Ojeté,138817,128,Nafta,0,Automatická,4x4
Škoda,Octavia,429000,2023,Ojeté,154624,110,Nafta,0,Automatická,
Cupra,Leon,579000,2022,Ojeté,128921,221,Benzín,0,Automatická,
Volkswagen,ID.3,379000,2020,Ojeté,137017,150,Elektro,62,Automatická,
Volvo,C40,999000,2024,Ojeté,26000,185,Elektro,0,Automatická,Pohon zadních kol
Tesla,Model 3,459000,2019,Ojeté,179104,324,Elektro,75,Automatická,4x4
Volkswagen,ID.3,449000,2020,Ojeté,62306,150,Elektro,62,Automatická,
Volkswagen,Touran,229000,2017,Ojeté,235185,85,Nafta,0,Automatická,
MG,ZS,319000,2020,Ojeté,74129,105,Elektro,45,Automatická,
Peugeot,2008,409000,2021,Ojeté,46806,100,Elektro,50,Automatická,
Volkswagen,Passat,419000,2022,Ojeté,135604,110,Nafta,0,Automatická,
MG,MG4,639000,2024,Ojeté,14701,320,Elektro,64,Automatická,4x4
Land Rover,Discovery,519000,2018,Ojeté,160644,177,Nafta,0,Automatická,4x4
Polestar,2,529000,2020,Ojeté,157676,300,Elektro,78,Automatická,4x4
Škoda,Kamiq,408000,2021,Ojeté,104137,81,Benzín,0,Automatická,
Volkswagen,Tiguan Allspace,1060000,2023,Ojeté,41093,180,Benzín,0,Automatická,4x4
Škoda,Octavia,519000,2021,Ojeté,136120,180,Hybridní,0,Automatická,
Škoda,Superb,719000,2022,Ojeté,92697,110,Nafta,0,Automatická,Pohon předních kol
Audi,A6,1035000,2023,Ojeté,40221,150,Nafta,0,Automatická,4x4
Volkswagen,ID.4,735000,2021,Ojeté,40047,150,Elektro,82,Automatická,Pohon zadních kol
Toyota,Yaris,900000,2024,Ojeté,12000,,Benzín,0,Manuální,4x4
Peugeot,308,299000,2022,Ojeté,136406,96,Nafta,0,Manuální,
Audi,A4 Avant,842000,2023,Ojeté,38745,150,Benzín,0,Automatická,Pohon předních kol
Volkswagen,Passat,514000,2023,Ojeté,86158,110,Benzín,0,Automatická,
Škoda,Superb,409000,2020,Ojeté,159090,110,Benzín,0,Automatická,
Škoda,Enyaq iV,685000,2021,Ojeté,63430,150,Elektro,82,Automatická,Pohon zadních kol
Volkswagen,Passat,487000,2023,Ojeté,111666,110,Nafta,0,Automatická,
Ford,Focus,284000,2022,Ojeté,155068,88,Nafta,0,Manuální,
Audi,A4,429000,2022,Ojeté,156684,110,Benzín,0,Automatická,
Volkswagen,Passat,545000,2023,Ojeté,90590,110,Nafta,0,Automatická,Pohon předních kol
Cupra,Ateca,679000,2023,Ojeté,57734,221,Benzín,0,Automatická,4x4
Škoda,Superb,485000,2021,Ojeté,134996,110,Nafta,0,Manuální,Pohon předních kol
Volkswagen,Golf,439000,2021,Ojeté,136860,110,Benzín,0,Automatická,
Audi,e-tron,925000,2022,Ojeté,36851,300,Elektro,95,Automatická,4x4
Tesla,Model 3,618000,2020,Ojeté,101029,377,Elektro,75,Automatická,4x4
Volkswagen,Arteon Shooting Brake,750000,2023,Ojeté,44347,110,Nafta,0,Automatická,Pohon předních kol
Volkswagen,Passat,525000,2021,Ojeté,98652,110,Nafta,0,Automatická,Pohon předních kol
Audi,e-tron,999000,2022,Ojeté,49923,300,Elektro,95,Automatická,4x4
Volkswagen,Arteon Shooting Brake,999000,2024,Ojeté,23278,235,Benzín,0,Automatická,4x4
Dodge,Ram,969000,2018,Ojeté,99000,295,Benzín,0,Automatická,4x4
Audi,SQ8,1899000,2022,Ojeté,48080,373,Benzín,0,Automatická,4x4
Škoda,Octavia,94000,2007,Ojeté,284600,100,Nafta,0,Manuální,Pohon předních kol
Audi,SQ8,1999000,2022,Ojeté,69194,373,Benzín,0,Automatická,4x4
Audi,e-tron,969000,2022,Ojeté,68372,300,Elektro,95,Automatická,4x4
BMW,Řada 5,1350000,2022,Ojeté,48672,245,Benzín,0,Automatická,4x4
Volkswagen,Passat,435000,2022,Ojeté,156630,110,Nafta,0,Manuální,Pohon předních kol
Volkswagen,Arteon Shooting Brake,1035000,2024,Ojeté,12025,235,Benzín,0,Automatická,4x4
Volkswagen,T-Roc,383000,2021,Ojeté,37729,85,Benzín,0,Manuální,Pohon předních kol
BMW,M4,1950000,2022,Ojeté,28935,353,Benzín,0,Manuální,Pohon zadních kol
Škoda,Enyaq iV,660000,2021,Ojeté,80000,150,Elektro,82,Automatická,Pohon zadních kol
Audi,Q4 e-tron,799000,2022,Ojeté,84076,220,Elektro,82,Automatická,4x4
Volkswagen,Passat,425000,2022,Ojeté,165838,110,Nafta,0,Manuální,Pohon předních kol
Audi,A5,895000,2023,Ojeté,65575,150,Nafta,0,Automatická,Pohon předních kol
Volkswagen,Tiguan,919000,2022,Ojeté,50000,235,Benzín,0,Automatická,4x4
Volkswagen,Arteon Shooting Brake,1040000,2024,Ojeté,9134,235,Benzín,0,Automatická,4x4
Audi,e-tron,920000,2022,Ojeté,71936,300,Elektro,95,Automatická,4x4
Volvo,S60,899000,2024,Ojeté,37060,194,Benzín,0,Automatická,4x4
Volkswagen,Passat,550000,2022,Ojeté,127784,110,Nafta,0,Automatická,Pohon předních kol
Volkswagen,ID.4,720000,2021,Ojeté,45709,150,Elektro,82,Automatická,Pohon zadních kol
Volkswagen,Tiguan Allspace,1199000,2025,Ojeté,11188,142,Nafta,0,Automatická,4x4
Suzuki,S-Cross,599900,2026,Nové,10,81,Benzín,0,Manuální,Pohon předních kol
BMW,M5,2350000,2021,Ojeté,60487,460,Benzín,0,Automatická,4x4
Audi,Q7,1799000,2023,Ojeté,27187,210,Nafta,0,Automatická,4x4
Audi,Q8 e-tron,1350000,2023,Ojeté,25940,300,Elektro,114,Automatická,4x4
Mercedes-Benz,Třídy E,835000,2021,Ojeté,96456,225,Hybridní,0,Automatická,4x4
Kia,Stonic,457000,2025,Nové,1,74,Benzín,0,Manuální,Pohon předních kol
Škoda,Scala,450000,2021,Ojeté,51276,110,Benzín,0,Manuální,
Porsche,Panamera,2199000,2020,Ojeté,52550,338,Benzín,0,Automatická,4x4
Škoda,Fabia,170000,2017,Ojeté,151097,70,Benzín,0,Manuální,
Land Rover,Range Rover Sport,3149000,2026,Nové,0,221,Nafta,0,Automatická,4x4
Mercedes-Benz,Třídy C,970000,2017,Ojeté,43116,270,Benzín,0,Automatická,4x4
Volkswagen,Golf,120000,2010,Ojeté,209425,90,Benzín,0,Manuální,
Mercedes-Benz,Třídy S,399000,2011,Ojeté,208000,365,Benzín,0,Automatická,
Volkswagen,Golf,230000,2015,Ojeté,68493,77,Benzín,0,Manuální,
Škoda,Fabia,170000,2020,Ojeté,176425,70,Benzín,0,Manuální,
Škoda,Fabia,170000,2021,Ojeté,155441,44,LPG + benzín,0,Manuální,
Škoda,Superb,330000,2016,Ojeté,190118,140,Nafta,0,Automatická,4x4
Škoda,Fabia,230000,2019,Ojeté,123771,70,Benzín,0,Manuální,
Peugeot,208,100000,2014,Ojeté,82924,50,Benzín,0,Manuální,
Volkswagen,Touran,50000,2004,Ojeté,225108,85,Benzín,0,Automatická,
Mercedes-Benz,Třídy C,1250000,2013,Ojeté,73377,336,Benzín,0,Automatická,Pohon zadních kol
Dacia,Duster,320000,2019,Ojeté,88339,96,Benzín,0,Manuální,
Škoda,Superb,410000,2020,Ojeté,225118,140,Nafta,0,Automatická,
Fiat,Croma,30000,2008,Ojeté,190923,88,Nafta,0,Manuální,
Hyundai,Tucson,280000,2015,Ojeté,173460,85,Nafta,0,Manuální,
Hyundai,Tucson,530000,2022,Ojeté,29640,110,Benzín,0,Manuální,
Škoda,Scala,450000,2025,Ojeté,28157,85,Benzín,0,Manuální,
Škoda,Superb,350000,2019,Ojeté,238190,132,Benzín,0,Automatická,
Ford,Kuga,520000,2021,Ojeté,48750,110,Benzín,0,Manuální,
Ford,S-MAX,55000,2008,Ojeté,319339,103,Nafta,0,Manuální,
Škoda,Superb,500000,2020,Ojeté,57535,160,Hybridní,0,Automatická,
Ford,Kuga,640000,2025,Předváděcí,11258,110,Benzín,0,Manuální,
BMW,X5,1590000,2023,Ojeté,51000,290,Hybridní,0,Automatická,4x4
Škoda,Superb,380000,2020,Ojeté,191385,88,Nafta,0,Automatická,
Peugeot,5008,359000,2020,Ojeté,119300,96,Benzín,0,Manuální,Pohon předních kol
Škoda,Fabia,240000,2019,Ojeté,92628,70,Benzín,0,Manuální,
BMW,X3,99000,2008,Ojeté,298000,130,Nafta,0,Manuální,4x4
Mercedes-Benz,Třídy A,779000,2023,Ojeté,7533,110,Nafta,0,Automatická,Pohon předních kol
Škoda,Fabia,75000,2009,Ojeté,76927,51,Benzín,0,Manuální,
Ford,Kuga,941256,2026,Nové,10,178,Hybridní,0,Automatická,Pohon předních kol
BMW,i3,559000,2021,Ojeté,31570,125,Elektro,42,Automatická,Pohon zadních kol
Volvo,XC60,949000,2021,Ojeté,82099,220,Benzín,0,Automatická,4x4
BMW,Řada 3,595000,2021,Ojeté,157000,215,Hybridní,0,Automatická,Pohon zadních kol
BMW,X5,549000,2017,Ojeté,181710,190,Nafta,0,Automatická,4x4
Peugeot,2008,190000,2018,Ojeté,41048,60,Benzín,0,Manuální,
BMW,i3,439000,2019,Ojeté,58200,125,Elektro,42,Automatická,Pohon zadních kol
Volkswagen,T-Cross,450000,2023,Ojeté,16243,81,Benzín,0,Manuální,
BMW,X5,849000,2019,Ojeté,149100,170,Nafta,0,Automatická,4x4
BMW,Z4,990000,2023,Ojeté,29750,190,Benzín,0,Automatická,Pohon zadních kol
BMW,i3,395000,2018,Ojeté,79200,125,Elektro,33,Automatická,Pohon zadních kol
BMW,X7,1949000,2022,Ojeté,61800,250,Nafta,0,Automatická,4x4
BMW,i4,895000,2023,Ojeté,35500,210,Elektro,70,Automatická,Pohon zadních kol
BMW,i3,509000,2019,Ojeté,23900,125,Elektro,42,Automatická,Pohon zadních kol
Citroën,C3,228999,2021,Ojeté,65284,61,Benzín,0,Manuální,Pohon předních kol
BMW,i3,519000,2020,Ojeté,43100,125,Elektro,42,Automatická,Pohon zadních kol
BMW,M3,1550000,2016,Ojeté,32950,317,Benzín,0,Automatická,Pohon zadních kol
BMW,i3,539000,2020,Ojeté,45420,125,Elektro,42,Automatická,Pohon zadních kol
BMW,i3,559000,2021,Ojeté,63900,135,Elektro,42,Automatická,Pohon zadních kol
Kia,EV3,949000,2025,Nové,1,150,Elektro,0,Automatická,Pohon předních kol
BMW,Řada 3,460000,2018,Ojeté,113080,140,Nafta,0,Automatická,4x4
BMW,i4,1350000,2022,Ojeté,50350,400,Elektro,84,Automatická,4x4
Volkswagen,Tiguan Allspace,688999,2022,Ojeté,148646,147,Nafta,0,Automatická,4x4
Ford,Tourneo Custom,419999,2017,Ojeté,240292,125,Nafta,0,Automatická,Pohon předních kol
Mini,Cooper,368999,2016,Ojeté,114365,170,Benzín,0,Manuální,Pohon předních kol
Dacia,Duster,259999,2021,Ojeté,94438,67,Benzín,0,Manuální,Pohon předních kol
Mercedes-Benz,CLA,778999,2018,Ojeté,33187,280,Benzín,0,Automatická,4x4
Volvo,,1119000,2024,Ojeté,14369,325,Elektro,0,Automatická,4x4
Hyundai,Tucson,357999,2015,Ojeté,113670,136,Nafta,0,Manuální,4x4
Volkswagen,Taigo,528999,2022,Ojeté,52460,110,Benzín,0,Automatická,Pohon předních kol
Cupra,Formentor,724999,2021,Ojeté,45255,228,Benzín,0,Automatická,4x4
Škoda,Karoq,527999,2020,Ojeté,34191,110,Benzín,0,Automatická,Pohon předních kol
Audi,Q5,818999,2022,Ojeté,108373,150,Nafta,0,Automatická,4x4
Suzuki,Vitara,358999,2020,Ojeté,77803,95,Benzín,0,Manuální,Pohon předních kol
Volkswagen,Multivan,568999,2016,Ojeté,194192,150,Nafta,0,Automatická,4x4
Peugeot,5008,319999,2019,Ojeté,123219,96,Benzín,0,Manuální,Pohon předních kol
Volkswagen,Arteon Shooting Brake,514999,2021,Ojeté,167473,147,Nafta,0,Automatická,Pohon předních kol
Mercedes-Benz,Třídy A,799999,2019,Ojeté,70347,225,Benzín,0,Automatická,4x4
Škoda,Citigo,254999,2020,Ojeté,68388,61,Elektro,0,Automatická,Pohon předních kol
Volvo,XC40,499999,2018,Ojeté,133805,140,Nafta,0,Automatická,4x4
Mercedes-Benz,Třídy E,1748999,2025,Ojeté,6010,145,Nafta,0,Automatická,4x4
Volkswagen,Polo,54999,2009,Ojeté,254307,44,Benzín,0,Manuální,Pohon předních kol
Volvo,XC40,679000,2024,Ojeté,35865,95,Benzín,0,Automatická,Pohon předních kol
Škoda,Kodiaq,657999,2022,Ojeté,150203,110,Nafta,0,Automatická,Pohon předních kol
Volkswagen,Golf Sportsvan,331000,2017,Ojeté,121380,110,Benzín,0,Automatická,Pohon předních kol
BMW,X5,648999,2017,Ojeté,148327,230,Nafta,0,Automatická,4x4
Seat,Ateca,724000,2023,Ojeté,51097,110,Benzín,0,Automatická,Pohon předních kol
Kia,ProCeed,368999,2019,Ojeté,106641,100,Nafta,0,Automatická,Pohon předních kol
Nissan,Qashqai,387999,2022,Ojeté,188959,103,Benzín,0,Manuální,Pohon předních kol
Peugeot,308,149999,2017,Ojeté,125507,96,Benzín,0,Manuální,Pohon předních kol
Volkswagen,Bora,450999,2021,Ojeté,4314,100,Elektro,0,Automatická,Pohon předních kol
Audi,A4,169999,2012,Ojeté,399900,180,Nafta,0,Automatická,4x4
Land Rover,Defender,638999,2011,Ojeté,202966,90,Nafta,0,Manuální,4x4
Bentley,Continental GT,999999,2008,Ojeté,74901,412,Benzín,0,Automatická,Pohon zadních kol
Citroën,C4 SpaceTourer,208999,2019,Ojeté,89167,96,Benzín,0,Manuální,Pohon předních kol
Renault,Mégane,278999,2017,Ojeté,136949,120,Nafta,0,Automatická,Pohon předních kol
BMW,X5,338999,2013,Ojeté,234174,225,Benzín,0,Automatická,4x4
BMW,Řada 1,728999,2023,Ojeté,39281,195,Benzín,0,Automatická,Pohon předních kol
Volkswagen,Tiguan,434999,2017,Ojeté,182982,176,Nafta,0,Automatická,4x4
Škoda,Karoq,544999,2019,Ojeté,76485,110,Nafta,0,Manuální,4x4
Hyundai,i30,249999,2021,Ojeté,180137,85,Nafta,0,Automatická,Pohon předních kol
BMW,Řada 8,1999999,1992,Ojeté,146800,280,Benzín,0,Manuální,Pohon předních kol
Mercedes-Benz,Třídy G,21649999,2023,Ojeté,332,463,Benzín,0,Automatická,4x4
Volkswagen,Transporter,998999,2024,Ojeté,1835,110,Nafta,0,Manuální,Pohon předních kol
Jeep,Grand Cherokee,384999,2015,Ojeté,192047,184,Nafta,0,Automatická,4x4
Škoda,Octavia,469999,2022,Ojeté,132346,110,Nafta,0,Automatická,Pohon předních kol
Citroën,C3,188999,2019,Ojeté,57113,60,Benzín,0,Manuální,Pohon předních kol
Ford,Grand C-MAX,197999,2015,Ojeté,169260,110,Nafta,0,Manuální,Pohon předních kol
BMW,Řada 7,690000,2016,Ojeté,155600,195,Nafta,0,Automatická,4x4
Hyundai,i30,599999,2021,Ojeté,100420,206,Benzín,0,Automatická,Pohon předních kol
Ford,Transit Custom,714999,2022,Ojeté,97995,96,Nafta,0,Automatická,Pohon předních kol
Mercedes-Benz,CLA,829000,2023,Ojeté,42010,120,Benzín,0,Automatická,Pohon předních kol
Porsche,911,5999999,2021,Ojeté,32458,478,Benzín,0,Automatická,4x4
Volkswagen,CC,229999,2015,Ojeté,182286,130,Nafta,0,Automatická,Pohon předních kol
Citroën,C5 Aircross,399000,2019,Ojeté,154000,130,Nafta,0,Automatická,Pohon předních kol
Citroën,C4 Picasso,139999,2016,Ojeté,198924,73,Nafta,0,Manuální,Pohon předních kol
Hyundai,Tucson,404999,2018,Ojeté,129058,130,Benzín,0,Automatická,4x4
Mercedes-Benz,CL,2499999,2001,Ojeté,30900,265,Benzín,0,Automatická,Pohon předních kol
Volkswagen,Touareg,364999,2016,Ojeté,264558,193,Nafta,0,Automatická,4x4
Seat,Leon,364999,2016,Ojeté,132949,245,Benzín,0,Manuální,Pohon předních kol
BMW,Řada 5,949000,2021,Ojeté,98475,210,Nafta,0,Automatická,4x4
Land Rover,Range Rover,6359000,2025,Nové,0,452,Benzín,0,Automatická,4x4
Škoda,Superb,468999,2016,Ojeté,139398,206,Benzín,0,Automatická,4x4
Volkswagen,Arteon Shooting Brake,768999,2022,Ojeté,72394,206,Benzín,0,Automatická,4x4
Fiat,Panda,288999,2023,Ojeté,10320,51,Hybridní,0,Manuální,Pohon předních kol
Audi,RS4,669999,2014,Ojeté,156469,331,Benzín,0,Automatická,4x4
Škoda,Karoq,524999,2020,Ojeté,147863,140,Nafta,0,Automatická,4x4
BMW,Řada 3,168999,2012,Ojeté,278221,120,Nafta,0,Automatická,Pohon zadních kol
Volkswagen,Multivan,908999,2020,Ojeté,148451,146,Nafta,0,Automatická,Pohon předních kol
Mercedes-Benz,GLC,424999,2015,Ojeté,215762,125,Nafta,0,Automatická,4x4
Škoda,Octavia,338999,2021,Ojeté,174507,81,Benzín,0,Manuální,Pohon předních kol
BMW,X1,644999,2022,Ojeté,52267,131,Benzín,0,Automatická,4x4
Toyota,Yaris,199999,2014,Ojeté,42843,51,Benzín,0,Manuální,Pohon předních kol
Dacia,Duster,88999,2011,Ojeté,176566,77,Benzín,0,Manuální,Pohon předních kol
Toyota,Corolla,318999,2018,Ojeté,84973,97,LPG + benzín,0,Automatická,Pohon předních kol
Fiat,Panda,288999,2023,Ojeté,17094,51,Benzín,0,Manuální,Pohon předních kol
Subaru,XV,569999,2022,Ojeté,69655,110,Benzín,0,Automatická,4x4
BMW,X5,529999,2014,Ojeté,208084,230,Nafta,0,Automatická,4x4
Ford,Transit Custom,408999,2016,Ojeté,136900,96,Nafta,0,Manuální,Pohon předních kol
Volvo,S90,649000,2021,Ojeté,187151,288,Hybridní,0,Automatická,4x4
Škoda,Karoq,394999,2018,Ojeté,180769,110,Nafta,0,Manuální,4x4
Škoda,Kamiq,534999,2023,Ojeté,18656,110,Benzín,0,Manuální,Pohon předních kol
Mercedes-Benz,GLB,1168999,2025,Ojeté,6114,110,Nafta,0,Automatická,4x4
Mercedes-Benz,GLB,1164999,2025,Ojeté,6021,110,Nafta,0,Automatická,4x4
Škoda,Karoq,678999,2022,Ojeté,97340,140,Benzín,0,Automatická,4x4
Volkswagen,Tiguan,504999,2016,Ojeté,126901,132,Benzín,0,Automatická,4x4
Mercedes-Benz,Třídy B,184999,2013,Ojeté,224756,80,Nafta,0,Automatická,Pohon předních kol
Volkswagen,Golf,338999,2017,Ojeté,57702,92,Benzín,0,Manuální,Pohon předních kol
Audi,A3,254999,2014,Ojeté,180015,103,Benzín,0,Automatická,Pohon předních kol
Volkswagen,T-Roc,484999,2021,Ojeté,125949,110,Benzín,0,Automatická,Pohon předních kol
Mercedes-Benz,SL,3299999,2023,Ojeté,19416,430,Benzín,0,Automatická,4x4
Škoda,Karoq,564999,2022,Ojeté,97873,110,Nafta,0,Manuální,Pohon předních kol
Mazda,CX-30,484499,2021,Ojeté,93997,137,Benzín,0,Manuální,Pohon předních kol
Škoda,Kamiq,538999,2022,Ojeté,48486,110,Benzín,0,Automatická,Pohon předních kol
BMW,X3,359999,2014,Ojeté,118240,140,Nafta,0,Automatická,4x4
BMW,X4,448999,2016,Ojeté,153858,140,Nafta,0,Automatická,4x4
Škoda,Kodiaq,538999,2020,Ojeté,219757,140,Nafta,0,Automatická,4x4
Škoda,Karoq,528999,2019,Ojeté,139711,110,Nafta,0,Automatická,4x4
Peugeot,308,319999,2022,Ojeté,113650,96,Nafta,0,Manuální,Pohon předních kol
Mercedes-Benz,GLB,1164999,2025,Ojeté,6115,110,Nafta,0,Automatická,4x4
Land Rover,Range Rover Sport,499999,2015,Ojeté,180779,215,Nafta,0,Automatická,4x4
Kia,Niro EV,460000,2021,Ojeté,82155,150,Elektro,67,Automatická,
Škoda,Octavia,354999,2014,Ojeté,68499,162,Benzín,0,Manuální,Pohon předních kol
Volkswagen,Taigo,484999,2022,Ojeté,86702,110,Benzín,0,Automatická,Pohon předních kol
SsangYong,Torres,599999,2023,Ojeté,22043,120,Benzín,0,Automatická,Pohon předních kol
BMW,X1,134999,2012,Ojeté,336977,130,Nafta,0,Automatická,4x4
Volvo,S60,979000,2024,Ojeté,13021,335,Hybridní,0,Automatická,4x4
Volkswagen,Golf,404999,2022,Ojeté,207926,110,Nafta,0,Automatická,Pohon předních kol
Mercedes-Benz,CLA,898999,2025,Ojeté,6065,120,Benzín,0,Automatická,Pohon předních kol
Volvo,XC60,288999,2011,Ojeté,117193,120,Nafta,0,Automatická,4x4
Toyota,Corolla,498999,2022,Ojeté,86931,72,Hybridní,0,Automatická,Pohon předních kol
Kia,Sportage,628999,2022,Ojeté,99597,132,Benzín,0,Automatická,4x4
Škoda,Kamiq,418999,2022,Ojeté,6144,70,Benzín,0,Manuální,Pohon předních kol
Volkswagen,Tiguan Allspace,524999,2021,Ojeté,208657,147,Nafta,0,Automatická,4x4
Mercedes-Benz,GLS,2949000,2025,Ojeté,14917,380,Benzín,0,Automatická,4x4
BMW,X3,678999,2018,Ojeté,139969,195,Nafta,0,Automatická,4x4
BMW,Řada 2,719999,2024,Ojeté,27065,100,Benzín,0,Automatická,Pohon předních kol
Audi,Q3,578999,2019,Ojeté,116866,140,Benzín,0,Automatická,4x4
Volkswagen,T-Cross,409999,2022,Ojeté,91264,81,Benzín,0,Automatická,Pohon předních kol
Volkswagen,Passat,538999,2019,Ojeté,148084,200,Benzín,0,Automatická,4x4
Mercedes-Benz,CLE,1799999,2025,Ojeté,6027,190,Benzín,0,Automatická,4x4
Peugeot,Rifter,464999,2021,Ojeté,71428,96,Benzín,0,Automatická,Pohon předních kol
Peugeot,Traveller,639999,2019,Ojeté,97971,130,Nafta,0,Automatická,Pohon předních kol
Audi,A7,979999,2022,Ojeté,69603,180,Nafta,0,Automatická,4x4
Volvo,XC40,669000,2023,Ojeté,15816,95,Benzín,0,Automatická,Pohon předních kol
Land Rover,Range Rover Velar,2349000,2026,Nové,0,221,Nafta,0,Automatická,4x4
Volvo,XC70,258999,2016,Ojeté,297972,133,Nafta,0,Automatická,4x4
Volkswagen,Passat,439999,2019,Ojeté,140820,110,Benzín,0,Automatická,Pohon předních kol
Volkswagen,Passat,473999,2022,Ojeté,61059,90,Nafta,0,Automatická,Pohon předních kol
Volkswagen,Polo,369999,2018,Ojeté,15891,70,Benzín,0,Automatická,Pohon předních kol
Volvo,V90,699000,2018,Ojeté,99530,140,Nafta,0,Automatická,4x4
Mercedes-Benz,GLC,788999,2021,Ojeté,140252,180,Nafta,0,Automatická,4x4
Volkswagen,Touran,478999,2021,Ojeté,136743,110,Nafta,0,Automatická,Pohon předních kol
Kia,Sorento,1439000,2025,Nové,1,143,Nafta,0,Automatická,4x4
Škoda,Fabia,224999,2021,Ojeté,153319,70,Benzín,0,Manuální,Pohon předních kol
BMW,Řada 3,729000,2019,Ojeté,75000,190,Benzín,0,,
BMW,X5,1184000,2019,Ojeté,95657,294,Nafta,0,Automatická,4x4
Volkswagen,Transporter,749999,2022,Ojeté,119314,110,Nafta,0,Automatická,Pohon předních kol
Tesla,Model 3,589999,2022,Ojeté,36843,208,Elektro,0,Automatická,Pohon zadních kol
Citroën,C4,359999,2022,Ojeté,35614,75,Benzín,0,Manuální,Pohon předních kol
Volkswagen,Polo,209999,2018,Ojeté,171653,48,Benzín,0,Manuální,Pohon předních kol
Opel,Insignia,354999,2018,Ojeté,115161,191,Benzín,0,Automatická,4x4
Mazda,CX-5,439999,2017,Ojeté,96480,118,Benzín,0,Automatická,4x4
Fiat,Panda,159999,2013,Ojeté,38548,63,Benzín,0,Manuální,Pohon předních kol
Škoda,Octavia,219999,2013,Ojeté,145189,103,Benzín,0,Automatická,Pohon předních kol
Škoda,Kodiaq,634999,2018,Ojeté,137102,140,Nafta,0,Automatická,4x4
Volkswagen,Sharan,308999,2014,Ojeté,178824,130,Nafta,0,Automatická,Pohon předních kol
Mazda,CX-5,284999,2013,Ojeté,138806,121,Benzín,0,Manuální,Pohon předních kol
Dacia,Duster,329999,2019,Ojeté,46011,110,Benzín,0,Manuální,Pohon předních kol
Dodge,Ram,799000,2021,Ojeté,180000,295,Benzín,0,Automatická,4x4
Volkswagen,Golf,278999,2019,Ojeté,167122,85,Nafta,0,Manuální,Pohon předních kol
Dacia,Spring,239999,2022,Ojeté,50952,33,Elektro,0,Automatická,Pohon předních kol
Mercedes-Benz,GLE,684999,2017,Ojeté,169335,190,Nafta,0,Automatická,4x4
Ford,Kuga,1032200,2026,Nové,15,178,Hybridní,0,Automatická,Pohon předních kol
Volkswagen,Passat CC,194999,2010,Ojeté,161196,103,Nafta,0,Manuální,Pohon předních kol
Volkswagen,Beetle,158999,2012,Ojeté,182700,77,Benzín,0,Manuální,Pohon předních kol
Citroën,C4 Cactus,154999,2017,Ojeté,63690,81,Benzín,0,Manuální,Pohon předních kol
Volkswagen,Golf,482000,2022,Ojeté,22784,96,Benzín,0,Manuální,Pohon předních kol
Opel,Corsa,59999,2008,Ojeté,152621,59,Benzín,0,Manuální,Pohon předních kol
Škoda,Octavia,144999,2016,Ojeté,297383,81,Nafta,0,Manuální,Pohon předních kol
Škoda,Karoq,508999,2019,Ojeté,75678,110,Nafta,0,Automatická,4x4
Kia,Picanto,224999,2018,Ojeté,78344,73,Benzín,0,Manuální,Pohon předních kol
Škoda,Octavia,333999,2015,Ojeté,95029,135,Nafta,0,Manuální,Pohon předních kol
Volkswagen,Caddy,309999,2016,Ojeté,103427,55,Nafta,0,Manuální,Pohon předních kol
Volvo,,229999,2013,Ojeté,201494,158,Nafta,0,Automatická,Pohon předních kol
Dacia,Duster,309999,2023,Ojeté,115469,67,LPG + benzín,0,Manuální,Pohon předních kol
Toyota,Proace,669999,2019,Ojeté,161186,130,Nafta,0,Automatická,Pohon předních kol
Kia,Cee´d,169999,2016,Ojeté,176948,100,Nafta,0,Manuální,Pohon předních kol
Citroën,Berlingo,209999,2018,Ojeté,219885,75,Nafta,0,Manuální,Pohon předních kol
Volvo,V90,534999,2019,Ojeté,185189,173,Nafta,0,Automatická,4x4
Audi,Q7,599999,2016,Ojeté,189277,200,Nafta,0,Automatická,4x4
Volvo,XC90,1249000,2022,Ojeté,80471,173,Nafta,0,Automatická,4x4
Škoda,Fabia,274999,2022,Ojeté,87891,70,Benzín,0,Manuální,Pohon předních kol
BMW,Řada 5,364999,2017,Ojeté,225582,120,Nafta,0,Automatická,Pohon zadních kol
Peugeot,2008,159999,2016,Ojeté,101933,81,Benzín,0,Manuální,Pohon předních kol
Volkswagen,Transporter,579999,2020,Ojeté,188483,110,Nafta,0,Manuální,Pohon předních kol
Nissan,Juke,138999,2010,Ojeté,169038,140,Benzín,0,Manuální,Pohon předních kol
Volkswagen,T-Roc,419999,2019,Ojeté,63582,110,Benzín,0,Manuální,Pohon předních kol
Nissan,Qashqai,288999,2016,Ojeté,89199,85,Benzín,0,Automatická,Pohon předních kol
Volvo,S90,1199000,2024,Ojeté,30482,335,Hybridní,0,Automatická,4x4
Volkswagen,T-Roc,373999,2019,Ojeté,183069,110,Nafta,0,Manuální,4x4
Audi,A6 allroad,374999,2017,Ojeté,235374,200,Nafta,0,Automatická,4x4
Škoda,Octavia,458999,2018,Ojeté,147753,180,Benzín,0,Automatická,Pohon předních kol
Ford,C-MAX,69999,2012,Ojeté,280834,92,Benzín,0,Manuální,Pohon předních kol
Volkswagen,Touareg,299999,2012,Ojeté,228953,150,Nafta,0,Automatická,4x4
Citroën,SpaceTourer,459999,2018,Ojeté,234352,130,Nafta,0,Automatická,Pohon předních kol
Kia,Cee´d,394999,2019,Ojeté,122219,150,Benzín,0,Automatická,Pohon předních kol
Hyundai,i30,444999,2017,Ojeté,140882,202,Benzín,0,Manuální,Pohon předních kol
Hyundai,i40,174999,2013,Ojeté,149159,99,Benzín,0,Manuální,Pohon předních kol
Škoda,Kodiaq,589999,2020,Ojeté,233514,176,Nafta,0,Automatická,4x4
Volkswagen,Golf Plus,184999,2010,Ojeté,70584,75,Benzín,0,Manuální,Pohon předních kol
Citroën,C4 Cactus,238999,2018,Ojeté,85874,81,Benzín,0,Automatická,Pohon předních kol
BMW,X5,588999,2017,Ojeté,191184,230,Nafta,0,Automatická,4x4
Audi,A6,324999,2018,Ojeté,291212,200,Nafta,0,Automatická,4x4
Volkswagen,Tiguan Allspace,534999,2019,Ojeté,165494,110,Nafta,0,Automatická,4x4
Dodge,Ram,1199000,2021,Ojeté,92000,295,Benzín,0,Automatická,4x4
Škoda,Octavia,268999,2013,Ojeté,87567,110,Nafta,0,Manuální,Pohon předních kol
Škoda,Octavia,188999,2014,Ojeté,240306,110,Nafta,0,Manuální,Pohon předních kol
Škoda,Octavia,188999,2013,Ojeté,226445,103,Benzín,0,Automatická,Pohon předních kol
Audi,A6,524998,2017,Ojeté,163400,235,Nafta,0,Automatická,4x4
Škoda,Yeti,274999,2014,Ojeté,126037,77,Benzín,0,Automatická,Pohon předních kol
Audi,A6,529999,2019,Ojeté,143142,200,Nafta,0,Automatická,4x4
Dacia,Spring,259999,2022,Ojeté,28327,33,Elektro,27,Automatická,Pohon předních kol
Volkswagen,Passat,349999,2016,Ojeté,99028,110,Benzín,0,Automatická,Pohon předních kol
Škoda,Fabia,498999,2024,Ojeté,11130,110,Benzín,0,Automatická,Pohon předních kol
Volkswagen,Arteon Shooting Brake,784999,2022,Ojeté,77315,206,Benzín,0,Automatická,4x4
Ford,Capri,1040900,2026,Nové,130,210,Elektro,77,Automatická,Pohon zadních kol
Toyota,Proace Verso,678999,2021,Ojeté,134574,106,Nafta,0,Manuální,Pohon předních kol
Land Rover,Range Rover,4299000,2026,Předváděcí,9900,338,Hybridní,0,Automatická,4x4
Volkswagen,Passat,454999,2022,Ojeté,147458,110,Nafta,0,Automatická,Pohon předních kol
Volkswagen,T-Cross,319999,2020,Ojeté,62675,70,Benzín,0,Manuální,Pohon předních kol
Škoda,Octavia,529999,2022,Ojeté,188120,147,Nafta,0,Automatická,Pohon předních kol
Volkswagen,Arteon,434999,2019,Ojeté,203576,140,Nafta,0,Automatická,Pohon předních kol
Škoda,Kodiaq,457999,2019,Ojeté,176874,110,Nafta,0,Automatická,Pohon předních kol
Volkswagen,Sharan,354999,2014,Ojeté,145629,103,Nafta,0,Manuální,Pohon předních kol
Fiat,Scudo,468999,2022,Ojeté,113484,106,Nafta,0,Manuální,Pohon předních kol
Škoda,Karoq,469999,2022,Ojeté,56334,81,Benzín,0,Manuální,Pohon předních kol
Cupra,Formentor,787999,2022,Ojeté,14025,228,Benzín,0,Automatická,4x4
Škoda,Octavia,524999,2021,Ojeté,128015,110,Hybridní,0,Automatická,Pohon předních kol
Ford,Tourneo Custom,758999,2022,Ojeté,140652,136,Nafta,0,Manuální,Pohon předních kol
Volkswagen,Tiguan,239999,2012,Ojeté,165489,132,Benzín,0,Manuální,4x4
Škoda,Superb,498999,2020,Ojeté,167495,140,Nafta,0,Automatická,4x4
Volkswagen,Passat,319999,2016,Ojeté,177531,140,Nafta,0,Automatická,4x4
Nissan,Qashqai,238999,2014,Ojeté,83729,85,Benzín,0,Manuální,Pohon předních kol
BMW,Řada 5,609999,2017,Ojeté,113023,195,Nafta,0,Automatická,4x4
Volkswagen,Tiguan Allspace,838999,2022,Ojeté,88725,147,Nafta,0,Automatická,4x4
Volkswagen,Multivan,799999,2016,Ojeté,172236,150,Nafta,0,Automatická,4x4
Volkswagen,Passat,408999,2022,Ojeté,59897,110,Benzín,0,Automatická,Pohon předních kol
Citroën,C4 SpaceTourer,249999,2020,Ojeté,111566,96,Nafta,0,Manuální,Pohon předních kol
Škoda,Karoq,709999,2022,Ojeté,101116,110,Nafta,0,Automatická,4x4
Kia,PV5,1198980,2026,Nové,1,120,Elektro,0,Automatická,
Volkswagen,Golf Sportsvan,229999,2015,Ojeté,152545,81,Nafta,0,Manuální,Pohon předních kol
Škoda,Octavia,349999,2021,Ojeté,130137,81,Benzín,0,Manuální,Pohon předních kol
Dacia,Lodgy,149999,2014,Ojeté,187783,85,Benzín,0,Manuální,Pohon předních kol
Ford,Ranger,1878900,2026,Nové,10,215,Benzín,0,Automatická,4x4
Cupra,Formentor,734999,2021,Ojeté,83811,228,Benzín,0,Automatická,4x4
Škoda,Octavia,549999,2022,Ojeté,84979,110,Nafta,0,Automatická,Pohon předních kol
Volkswagen,Arteon Shooting Brake,618999,2022,Ojeté,67594,110,Nafta,0,Automatická,Pohon předních kol
Škoda,Rapid,138999,2013,Ojeté,186571,77,Benzín,0,Manuální,Pohon předních kol
Citroën,Grand C4 SpaceTourer,309999,2020,Ojeté,147436,96,Benzín,0,Automatická,Pohon předních kol
Ford,Tourneo Connect,128999,2009,Ojeté,276473,81,Nafta,0,Manuální,Pohon předních kol
Volkswagen,Passat,399999,2017,Ojeté,143882,110,Nafta,0,Manuální,Pohon předních kol
Citroën,Grand C4 SpaceTourer,259999,2021,Ojeté,171606,96,Benzín,0,Manuální,Pohon předních kol
Audi,Q7,339999,2010,Ojeté,185878,176,Nafta,0,Automatická,4x4
Volkswagen,Arteon Shooting Brake,628999,2020,Ojeté,187023,140,Benzín,0,Automatická,Pohon předních kol
Škoda,Karoq,464999,2022,Ojeté,175017,110,Nafta,0,Manuální,Pohon předních kol
Mazda,3,464999,2021,Ojeté,103025,90,Benzín,0,Automatická,Pohon předních kol
Volkswagen,Tiguan,408999,2016,Ojeté,241372,140,Nafta,0,Automatická,4x4
Citroën,Grand C4 Picasso,249999,2018,Ojeté,121312,96,Benzín,0,Manuální,Pohon předních kol
Citroën,SpaceTourer,534999,2019,Ojeté,151526,130,Nafta,0,Automatická,Pohon předních kol
Škoda,Kodiaq,608999,2021,Ojeté,181989,147,Nafta,0,Automatická,4x4
Volvo,V60,999000,2024,Ojeté,10930,257,Hybridní,0,Automatická,4x4
Audi,Q3,559999,2019,Ojeté,118300,110,Nafta,0,Automatická,Pohon předních kol
BMW,Řada 6,399999,2013,Ojeté,208341,230,Nafta,0,Automatická,4x4
Dodge,Ram,1099000,2019,Ojeté,171000,295,Benzín,0,Automatická,4x4
Volkswagen,Tiguan Allspace,859999,2022,Ojeté,92806,147,Nafta,0,Automatická,4x4
Škoda,Kamiq,578999,2024,Ojeté,16740,110,Benzín,0,Manuální,Pohon předních kol
Toyota,Proace Verso,598998,2020,Ojeté,188520,130,Nafta,0,Automatická,Pohon předních kol
Opel,Astra,278999,2017,Ojeté,56644,110,Benzín,0,Automatická,Pohon předních kol
Volkswagen,Caddy,314999,2019,Ojeté,145212,55,Nafta,0,Manuální,Pohon předních kol
Abarth,500,498999,2023,Ojeté,22776,121,Benzín,0,Automatická,Pohon předních kol
Volvo,V90,468999,2020,Ojeté,199622,140,Nafta,0,Automatická,4x4
Mercedes-Benz,Třídy B,328999,2016,Ojeté,127671,80,Nafta,0,Automatická,Pohon předních kol
Škoda,Superb,429999,2017,Ojeté,109689,140,Nafta,0,Automatická,4x4
Audi,A4 allroad,198999,2012,Ojeté,209268,155,Benzín,0,Automatická,4x4
Mazda,3,224999,2014,Ojeté,161588,88,Benzín,0,Manuální,Pohon předních kol
Citroën,Jumpy,124999,2008,Ojeté,183312,88,Nafta,0,Manuální,Pohon předních kol
Peugeot,Partner,134999,2017,Ojeté,251852,88,Benzín,0,Manuální,Pohon předních kol
BMW,Řada 5,828999,2019,Ojeté,109313,250,Benzín,0,Automatická,4x4
Ford,Explorer,1031850,2026,Nové,10,210,Elektro,77,Automatická,Pohon zadních kol
Mazda,6,599999,2020,Ojeté,29013,121,Benzín,0,Automatická,Pohon předních kol
Volkswagen,Scirocco,224999,2011,Ojeté,195263,103,Nafta,0,Automatická,Pohon předních kol
Škoda,Octavia,338999,2019,Ojeté,170128,110,Nafta,0,Automatická,Pohon předních kol
Škoda,Kamiq,408999,2022,Ojeté,78608,81,Benzín,0,Manuální,Pohon předních kol
Mercedes-Benz,Třídy A,198999,2013,Ojeté,177749,90,Benzín,0,Manuální,Pohon předních kol
Seat,Leon,544999,2019,Ojeté,108227,221,Benzín,0,Automatická,4x4
Volkswagen,Scirocco,229999,2014,Ojeté,145732,90,Benzín,0,Manuální,Pohon předních kol
Volkswagen,Tiguan,348999,2017,Ojeté,178330,110,Benzín,0,Manuální,Pohon předních kol
Land Rover,Range Rover Sport,2529000,2026,Nové,0,183,Nafta,0,Automatická,4x4
Peugeot,5008,359999,2019,Ojeté,131165,96,Benzín,0,Manuální,Pohon předních kol
Škoda,Octavia,239999,2013,Ojeté,151631,103,Benzín,0,Manuální,Pohon předních kol
Ford,Transit Custom,539999,2019,Ojeté,111333,96,Nafta,0,Automatická,Pohon předních kol
Toyota,C-HR,414999,2018,Ojeté,103280,72,Hybridní,0,Automatická,Pohon předních kol
Škoda,Octavia,354999,2020,Ojeté,150937,81,Benzín,0,Automatická,Pohon předních kol
Mazda,CX-5,269999,2012,Ojeté,121228,118,Benzín,0,Manuální,4x4
Škoda,Fabia,179999,2015,Ojeté,76962,66,Nafta,0,Automatická,Pohon předních kol
Kia,Picanto,344999,2025,Ojeté,2912,46,Benzín,0,Manuální,Pohon předních kol
Peugeot,3008,298999,2017,Ojeté,131027,96,Benzín,0,Manuální,Pohon předních kol
Renault,Mégane,269999,2021,Ojeté,63597,85,Benzín,0,Manuální,Pohon předních kol
Škoda,Karoq,527999,2022,Ojeté,133557,85,Nafta,0,Automatická,Pohon předních kol
Renault,Mégane,299999,2019,Ojeté,123839,117,Benzín,0,Manuální,Pohon předních kol
Mercedes-Benz,GLE,2599000,2022,Ojeté,41375,450,Benzín,0,Automatická,4x4
Jeep,Renegade,269999,2019,Ojeté,91773,88,Benzín,0,Manuální,Pohon předních kol
Volkswagen,Golf,368999,2021,Ojeté,202521,110,Nafta,0,Automatická,Pohon předních kol
Volkswagen,Transporter,564999,2018,Ojeté,175867,110,Nafta,0,Automatická,Pohon předních kol
Volkswagen,Passat,654999,2023,Ojeté,83271,110,Nafta,0,Automatická,Pohon předních kol
Škoda,Karoq,339999,2019,Ojeté,211598,110,Benzín,0,Manuální,Pohon předních kol
Cupra,Formentor,798999,2023,Ojeté,22338,228,Benzín,0,Automatická,4x4
Mercedes-Benz,GLB,1168999,2025,Ojeté,6041,110,Nafta,0,Automatická,4x4
Mercedes-Benz,GLC,1698999,2025,Ojeté,6021,145,Nafta,0,Automatická,4x4
Kia,Stonic,249999,2018,Ojeté,117408,88,Benzín,0,Manuální,Pohon předních kol
Mercedes-Benz,Vito,1949999,2025,Ojeté,6038,174,Nafta,0,Automatická,4x4
BMW,Řada 6,529000,2018,Ojeté,185000,195,Nafta,0,Automatická,4x4
Mazda,6,154999,2010,Ojeté,179187,114,Benzín,0,Manuální,Pohon předních kol
Volkswagen,Golf,339999,2020,Ojeté,133900,110,Nafta,0,Automatická,Pohon předních kol
Škoda,Kamiq,408999,2020,Ojeté,145313,110,Benzín,0,Manuální,Pohon předních kol
Audi,S6,1299999,2021,Ojeté,48627,253,Nafta,0,Automatická,4x4
Mercedes-Benz,GLE,2449999,2025,Ojeté,7108,270,Nafta,0,Automatická,4x4
Škoda,Karoq,658999,2022,Ojeté,131900,110,Nafta,0,Automatická,4x4
Mazda,CX-60,1088999,2023,Ojeté,28368,187,Nafta,0,Automatická,4x4
Mercedes-Benz,GLS,2798999,2025,Ojeté,7183,270,Nafta,0,Automatická,4x4
Škoda,Octavia,244999,2017,Ojeté,241967,110,Nafta,0,Automatická,Pohon předních kol
Mercedes-Benz,CLA,729000,2020,Ojeté,54986,100,Benzín,0,Automatická,Pohon předních kol
Kia,Sportage,695000,2026,Nové,1,110,Benzín,0,Manuální,Pohon předních kol
Mercedes-Benz,Třídy E,649999,2017,Ojeté,68706,155,Benzín,0,Automatická,Pohon zadních kol
Škoda,Octavia,464999,2021,Ojeté,237953,147,Nafta,0,Automatická,Pohon předních kol
Škoda,Octavia,538999,2023,Ojeté,111203,110,Nafta,0,Automatická,Pohon předních kol
Mini,One,319999,2018,Ojeté,44300,75,Benzín,0,Manuální,Pohon předních kol
Peugeot,2008,344999,2021,Ojeté,53073,74,Benzín,0,Manuální,Pohon předních kol
Škoda,Scala,359999,2023,Ojeté,84923,81,Benzín,0,Manuální,Pohon předních kol
Volvo,XC60,178999,2010,Ojeté,256525,151,Nafta,0,Manuální,4x4
Volkswagen,Passat,584999,2022,Ojeté,66368,110,Nafta,0,Automatická,Pohon předních kol
Volkswagen,Passat,389999,2020,Ojeté,177891,110,Nafta,0,Automatická,Pohon předních kol
Škoda,Octavia,589999,2022,Ojeté,38977,85,Nafta,0,Automatická,Pohon předních kol
Audi,Q3,329999,2011,Ojeté,150426,155,Benzín,0,Automatická,4x4
Volkswagen,Tiguan,438999,2019,Ojeté,149054,110,Benzín,0,Manuální,Pohon předních kol
Škoda,Karoq,524999,2019,Ojeté,87599,110,Nafta,0,Automatická,4x4
Citroën,Grand C4 Picasso,99999,2012,Ojeté,192758,82,Nafta,0,Manuální,Pohon předních kol
Citroën,C3,199999,2018,Ojeté,58479,60,Benzín,0,Manuální,Pohon předních kol
Alfa Romeo,Giulia,564999,2021,Ojeté,160785,148,Benzín,0,Automatická,Pohon zadních kol
BMW,X3,234999,2011,Ojeté,219634,190,Nafta,0,Automatická,4x4
Volkswagen,Passat,479999,2020,Ojeté,143531,140,Nafta,0,Automatická,4x4
Jeep,Renegade,318999,2017,Ojeté,37060,103,Benzín,0,Manuální,Pohon předních kol
Škoda,Fabia,229999,2016,Ojeté,98424,66,Benzín,0,Manuální,Pohon předních kol
Kia,Cee´d,319999,2022,Ojeté,185952,118,Benzín,0,Manuální,Pohon předních kol
Mercedes-Benz,GLE,2649000,2025,Ojeté,2496,270,Nafta,0,Automatická,4x4
Škoda,Kodiaq,833999,2022,Ojeté,112480,110,Nafta,0,Automatická,4x4
Audi,A3,279999,2014,Ojeté,172744,92,Benzín,0,Manuální,Pohon předních kol
Volvo,XC40,980000,2026,Nové,0,120,Benzín,0,Automatická,
Škoda,Superb,498999,2020,Ojeté,178482,110,Nafta,0,Automatická,Pohon předních kol
Mercedes-Benz,GLB,1174999,2025,Předváděcí,6030,110,Nafta,0,Automatická,4x4
Škoda,Karoq,588999,2022,Ojeté,143120,110,Nafta,0,Automatická,4x4
Hyundai,i30,269999,2018,Ojeté,90257,103,Benzín,0,Manuální,Pohon předních kol
Tesla,Model 3,508999,2020,Ojeté,156523,324,Elektro,0,Automatická,4x4
Škoda,Superb,439999,2020,Ojeté,237010,140,Nafta,0,Automatická,4x4
Peugeot,Rifter,323999,2019,Ojeté,169466,96,Nafta,0,Automatická,Pohon předních kol
Citroën,Berlingo,344999,2019,Ojeté,111372,81,Benzín,0,Manuální,Pohon předních kol
Volvo,V40,329999,2019,Ojeté,114368,90,Benzín,0,Automatická,Pohon předních kol
Škoda,Fabia,273999,2017,Ojeté,108822,81,Benzín,0,Manuální,Pohon předních kol
Ford,Transit Custom,429999,2016,Ojeté,89006,77,Nafta,0,Manuální,Pohon předních kol
Volvo,V60,999000,2024,Ojeté,13842,257,Hybridní,0,Automatická,4x4
Ford,Ranger,574999,2020,Ojeté,94211,125,Nafta,0,Manuální,4x4
Volvo,V60,629000,2021,Ojeté,83994,145,Nafta,0,Automatická,
Peugeot,3008,539999,2021,Ojeté,56231,133,Hybridní,0,Automatická,Pohon předních kol
Peugeot,508,449999,2022,Ojeté,68624,96,Nafta,0,Automatická,Pohon předních kol
Škoda,Octavia,183999,2016,Ojeté,234549,81,Nafta,0,Automatická,Pohon předních kol
Škoda,Karoq,544999,2022,Ojeté,111915,110,Benzín,0,Automatická,Pohon předních kol
Mercedes-Benz,CLA,274899,2015,Ojeté,218155,100,Nafta,0,Automatická,Pohon předních kol
Mercedes-Benz,Třídy S,1299999,2015,Ojeté,208626,430,Benzín,0,Automatická,4x4
Škoda,Superb,318999,2017,Ojeté,323469,140,Nafta,0,Automatická,4x4
Tesla,Model 3,509999,2019,Ojeté,147759,340,Elektro,0,Automatická,4x4
Audi,Q7,599999,2018,Ojeté,224578,200,Nafta,0,Automatická,4x4
Peugeot,5008,119999,2011,Ojeté,142302,88,Benzín,0,Manuální,Pohon předních kol
Volkswagen,Arteon Shooting Brake,659999,2020,Ojeté,131509,140,Benzín,0,Automatická,Pohon předních kol
Škoda,Octavia,98999,2015,Ojeté,399143,77,Nafta,0,Manuální,Pohon předních kol
Škoda,Octavia,279999,2017,Ojeté,168100,110,Benzín,0,Manuální,Pohon předních kol
Škoda,Rapid,238999,2018,Ojeté,115908,92,Benzín,0,Automatická,Pohon předních kol
Škoda,Kamiq,444999,2022,Ojeté,84406,81,Benzín,0,Manuální,Pohon předních kol
Renault,Mégane,658999,2020,Ojeté,88660,221,Benzín,0,Automatická,Pohon předních kol
Škoda,Kodiaq,646999,2022,Ojeté,129360,110,Nafta,0,Automatická,4x4
Mazda,6,354999,2014,Ojeté,111671,141,Benzín,0,Automatická,Pohon předních kol
Mercedes-Benz,GLB,1194999,2025,Ojeté,6014,110,Nafta,0,Automatická,4x4
Volkswagen,Caddy,359999,2017,Ojeté,152982,92,Benzín,0,Automatická,Pohon předních kol
Citroën,Berlingo,144999,2011,Ojeté,177522,82,Nafta,0,Manuální,Pohon předních kol
Volkswagen,Polo,228999,2016,Ojeté,57212,66,Benzín,0,Manuální,Pohon předních kol
Volkswagen,Arteon Shooting Brake,829999,2022,Ojeté,50971,110,Nafta,0,Automatická,4x4
Škoda,Octavia,464999,2022,Ojeté,140200,110,Nafta,0,Automatická,Pohon předních kol
Audi,A4,308999,2015,Ojeté,105067,140,Nafta,0,Automatická,4x4
Škoda,Karoq,489999,2020,Ojeté,135244,110,Benzín,0,Automatická,Pohon předních kol
Ford,Tourneo Connect,872410,2026,Nové,10,85,Benzín,0,Automatická,Pohon předních kol
Mercedes-Benz,GLB,1184999,2025,Ojeté,6032,110,Nafta,0,Automatická,4x4
Seat,Ibiza,94999,2012,Ojeté,207624,66,Nafta,0,Manuální,Pohon předních kol
Škoda,Kodiaq,538999,2017,Ojeté,145546,140,Nafta,0,Automatická,4x4
Volvo,XC90,1499000,2023,Ojeté,57000,173,Nafta,0,Automatická,4x4
Jeep,Grand Cherokee,534999,2017,Ojeté,138900,184,Nafta,0,Automatická,4x4
Volkswagen,Golf Sportsvan,244999,2017,Ojeté,155561,92,Benzín,0,Manuální,Pohon předních kol
Seat,Leon,409999,2016,Ojeté,133412,213,Benzín,0,Automatická,Pohon předních kol
Audi,A4,89000,2007,Ojeté,275144,195,Benzín,0,Manuální,4x4
Škoda,Octavia,349999,2020,Ojeté,173275,85,Nafta,0,Manuální,Pohon předních kol
Volkswagen,Golf,319999,2016,Ojeté,168573,135,Nafta,0,Automatická,Pohon předních kol
Audi,A3,229999,2017,Ojeté,185519,85,Benzín,0,Manuální,Pohon předních kol
Volkswagen,e-up,310000,2020,Ojeté,50605,61,Elektro,36,Automatická,
Audi,A3,219000,2013,Ojeté,222829,132,Benzín,0,Automatická,Pohon předních kol
Škoda,Karoq,589999,2021,Ojeté,87782,110,Benzín,0,Automatická,Pohon předních kol
Volvo,V60,779000,2021,Ojeté,40825,184,Benzín,0,Automatická,4x4
Volkswagen,Passat,218999,2011,Ojeté,157415,155,Benzín,0,Automatická,Pohon předních kol
BMW,X5,1029999,2019,Ojeté,136214,195,Nafta,0,Automatická,4x4
Toyota,Proace,564999,2019,Ojeté,113699,130,Nafta,0,Automatická,Pohon předních kol
Škoda,Octavia,238999,2018,Ojeté,296459,135,Nafta,0,Automatická,4x4
Tesla,Model 3,849999,2023,Ojeté,80048,208,Elektro,0,Automatická,Pohon zadních kol
Volkswagen,Transporter,544999,2019,Ojeté,153197,110,Nafta,0,Manuální,Pohon předních kol
Škoda,Yeti,204999,2011,Ojeté,117365,90,Benzín,0,Manuální,Pohon předních kol
Renault,Trafic,354999,2016,Ojeté,157807,92,Nafta,0,Manuální,Pohon předních kol
Ford,Fiesta,599000,2023,Ojeté,15623,147,Benzín,0,Manuální,Pohon předních kol
Audi,S6 Avant,1319000,2024,Ojeté,29842,253,Nafta,0,Automatická,4x4
Volkswagen,Passat,709999,2022,Ojeté,46852,147,Nafta,0,Automatická,Pohon předních kol
Volkswagen,Passat,349000,2017,Ojeté,150421,160,Hybridní,0,Automatická,Pohon předních kol
Škoda,Fabia,279999,2018,Ojeté,19305,70,Benzín,0,Manuální,Pohon předních kol
Mercedes-Benz,Třídy E,309999,2010,Ojeté,139475,150,Nafta,0,Automatická,Pohon zadních kol
Škoda,Rapid,199999,2016,Ojeté,136941,85,Nafta,0,Manuální,Pohon předních kol
Peugeot,3008,279999,2017,Ojeté,141853,96,Benzín,0,Manuální,Pohon předních kol
Volvo,XC90,279999,2013,Ojeté,292608,147,Nafta,0,Automatická,4x4
Opel,Meriva,129999,2014,Ojeté,131783,88,Benzín,0,Manuální,Pohon předních kol
Škoda,Scala,308999,2022,Ojeté,195915,110,Benzín,0,Automatická,Pohon předních kol
Volvo,XC40,679000,2021,Ojeté,49461,145,Benzín,0,Automatická,
BMW,M2,1749000,2024,Ojeté,7569,353,Benzín,0,Automatická,Pohon zadních kol
Mercedes-Benz,Třídy A,289999,2012,Ojeté,168191,100,Nafta,0,Automatická,Pohon předních kol
Mercedes-Benz,Třídy V,2498999,2025,Ojeté,7127,174,Nafta,0,Automatická,4x4
Mercedes-Benz,Třídy C,269999,2016,Ojeté,221997,85,Nafta,0,Manuální,Pohon zadních kol
Land Rover,Freelander,139999,2010,Ojeté,253008,140,Nafta,0,Automatická,4x4
Volkswagen,Caddy,439999,2022,Ojeté,145606,75,Nafta,0,Manuální,Pohon předních kol
Land Rover,Defender,4799000,2025,Nové,0,467,Benzín,0,Automatická,4x4
Volvo,XC90,719000,2020,Ojeté,177053,173,Nafta,0,Automatická,4x4
Porsche,Panamera,1649000,2019,Ojeté,90161,243,Benzín,0,Automatická,4x4
Opel,Mokka,134999,2013,Ojeté,223611,96,Nafta,0,Manuální,4x4
Volkswagen,Touran,179000,2014,Ojeté,181490,103,Nafta,0,Automatická,Pohon předních kol
Škoda,Octavia,229999,2018,Ojeté,213085,85,Nafta,0,Manuální,Pohon předních kol
Audi,A4 allroad,299999,2015,Ojeté,192158,180,Nafta,0,Automatická,4x4
Škoda,Superb,464999,2020,Ojeté,220913,140,Nafta,0,Automatická,4x4
Land Rover,Range Rover Sport,2349000,2025,Nové,0,183,Nafta,0,Automatická,4x4
Mercedes-Benz,Třídy S,2299000,2019,Ojeté,105910,450,Benzín,0,Automatická,4x4
Hyundai,i30,174999,2017,Ojeté,173450,81,Nafta,0,Manuální,Pohon předních kol
Škoda,Superb,234999,2016,Ojeté,325993,110,Nafta,0,Automatická,Pohon předních kol
Škoda,Octavia,114999,2011,Ojeté,233929,90,Benzín,0,Manuální,Pohon předních kol
Renault,Grand Scénic,229999,2017,Ojeté,158805,81,Nafta,0,Manuální,Pohon předních kol
Škoda,Kodiaq,878998,2021,Ojeté,57446,147,Nafta,0,Automatická,4x4
Mercedes-Benz,CLA,769999,2020,Ojeté,127212,225,Benzín,0,Automatická,4x4
Ford,Mondeo,113999,2012,Ojeté,205344,120,Nafta,0,Manuální,Pohon předních kol
Citroën,C4,369999,2022,Ojeté,36832,96,Benzín,0,Manuální,Pohon předních kol
Audi,A4,349999,2017,Ojeté,226446,160,Nafta,0,Automatická,Pohon předních kol
Škoda,Kodiaq,709999,2021,Ojeté,135483,147,Nafta,0,Automatická,4x4
Volkswagen,Passat,429999,2021,Ojeté,132402,110,Nafta,0,Automatická,Pohon předních kol
Land Rover,Discovery Sport,249999,2017,Ojeté,203215,110,Nafta,0,Manuální,4x4
Škoda,Karoq,438999,2021,Ojeté,152350,85,Nafta,0,Automatická,Pohon předních kol
Škoda,Karoq,449999,2022,Ojeté,201189,110,Nafta,0,Automatická,4x4
Škoda,Kamiq,449999,2020,Ojeté,41614,110,Benzín,0,Manuální,Pohon předních kol
Kia,Sportage,359999,2017,Ojeté,63518,136,Nafta,0,Manuální,4x4
Mercedes-Benz,CLA,389999,2016,Ojeté,95713,100,Nafta,0,Automatická,4x4
BMW,Řada 2,389999,2021,Ojeté,109272,85,Nafta,0,Automatická,Pohon předních kol
Dodge,Ram,739999,2019,Ojeté,233057,295,Benzín,0,Automatická,4x4
Škoda,Superb,619999,2020,Ojeté,99848,200,Benzín,0,Automatická,4x4
Volkswagen,Touareg,469999,2015,Ojeté,167622,193,Nafta,0,Automatická,4x4
Škoda,Superb,544999,2020,Ojeté,155118,140,Nafta,0,Automatická,4x4
Seat,Ateca,309999,2016,Ojeté,108807,85,Benzín,0,Manuální,Pohon předních kol
Mercedes-Benz,GLC,449999,2016,Ojeté,239894,150,Nafta,0,Automatická,4x4
Dacia,Duster,314999,2022,Ojeté,72019,67,Benzín,0,Manuální,Pohon předních kol
Mercedes-Benz,Vito,189999,2006,Ojeté,274899,150,Nafta,0,Automatická,Pohon předních kol
Hyundai,Kona,359999,2021,Ojeté,25272,88,Benzín,0,Manuální,Pohon zadních kol
Škoda,Kodiaq,554999,2018,Ojeté,128024,140,Nafta,0,Automatická,4x4
Ford,Focus,159999,2019,Ojeté,196107,74,Benzín,0,Manuální,Pohon předních kol
Škoda,Superb,689999,2019,Ojeté,91832,200,Benzín,0,Automatická,4x4
Škoda,Superb,549999,2022,Ojeté,129565,147,Nafta,0,Automatická,4x4
Suzuki,Jimny,159999,2001,Ojeté,82633,62,Benzín,0,Manuální,4x4
Kia,Cee´d,169999,2013,Ojeté,122003,73,LPG + benzín,0,Manuální,Pohon předních kol
Peugeot,5008,229999,2016,Ojeté,86907,88,Nafta,0,Manuální,Pohon předních kol
Volkswagen,Golf,279999,2014,Ojeté,123066,92,Benzín,0,Automatická,Pohon předních kol
Mazda,3,539999,2021,Ojeté,46670,137,Benzín,0,Manuální,Pohon předních kol
Ford,Tourneo Custom,1199000,2026,Nové,10,110,Nafta,0,Manuální,Pohon předních kol
Toyota,Corolla,514999,2021,Ojeté,118240,132,Benzín,0,Automatická,Pohon předních kol
Peugeot,2008,410000,2020,Ojeté,79928,100,Elektro,50,Automatická,
Škoda,Octavia,329999,2020,Ojeté,180833,85,Nafta,0,Manuální,Pohon předních kol
Opel,Astra,134999,2016,Ojeté,173765,74,Benzín,0,Manuální,Pohon předních kol
Hyundai,ix35,188999,2011,Ojeté,162748,120,Benzín,0,Manuální,4x4
Škoda,Karoq,489999,2022,Ojeté,126496,85,Nafta,0,Manuální,Pohon předních kol
Renault,Trafic,459999,2019,Ojeté,87774,89,Nafta,0,Manuální,Pohon předních kol
Volkswagen,Passat,459999,2021,Ojeté,156832,110,Nafta,0,Automatická,Pohon předních kol
Škoda,Kodiaq,664999,2018,Ojeté,91918,132,Benzín,0,Automatická,4x4
Toyota,Corolla,479999,2023,Ojeté,48908,92,Benzín,0,Automatická,Pohon předních kol
Škoda,Kodiaq,888999,2022,Ojeté,98254,180,Benzín,0,Automatická,4x4
Audi,A4,349999,2015,Ojeté,204693,180,Nafta,0,Automatická,4x4
Dacia,Sandero,284999,2021,Ojeté,26704,67,Benzín,0,Manuální,Pohon předních kol
Volkswagen,Transporter,479999,2015,Ojeté,114424,75,Nafta,0,Manuální,Pohon předních kol
Škoda,Yeti,279999,2015,Ojeté,180132,110,Nafta,0,Manuální,4x4
Toyota,Corolla,479999,2023,Ojeté,40201,92,Benzín,0,Automatická,Pohon předních kol
SsangYong,XLV,239999,2016,Ojeté,92885,85,Nafta,0,Manuální,Pohon předních kol
Jeep,Grand Cherokee,559999,2019,Ojeté,154442,184,Nafta,0,Automatická,4x4
Tesla,Model 3,589999,2019,Ojeté,96582,324,Elektro,0,Automatická,4x4
Škoda,Octavia,329999,2021,Ojeté,209284,85,Nafta,0,Manuální,Pohon předních kol
Škoda,Octavia,349999,2021,Ojeté,159877,85,Nafta,0,Manuální,Pohon předních kol
Škoda,Karoq,569999,2023,Ojeté,105035,85,Nafta,0,Automatická,Pohon předních kol
Volkswagen,Golf,199999,2015,Ojeté,186009,81,Nafta,0,Manuální,Pohon předních kol
Škoda,Octavia,569999,2021,Ojeté,125694,147,Nafta,0,Automatická,4x4
Volkswagen,Arteon,629999,2017,Ojeté,64718,140,Nafta,0,Automatická,Pohon předních kol
Volkswagen,Passat,559999,2023,Ojeté,97703,110,Nafta,0,Automatická,Pohon předních kol
Škoda,Superb,343999,2017,Ojeté,239274,140,Nafta,0,Automatická,4x4
Volkswagen,Touareg,839999,2020,Ojeté,97890,170,Nafta,0,Automatická,4x4
Audi,A6,519999,2018,Ojeté,198117,235,Nafta,0,Automatická,4x4
Peugeot,208,248999,2019,Ojeté,99359,74,Benzín,0,Manuální,Pohon předních kol
Volkswagen,Multivan,1184999,2020,Ojeté,69048,146,Nafta,0,Automatická,Pohon předních kol
Mercedes-Benz,Třídy A,239999,2013,Ojeté,186176,80,Nafta,0,Automatická,Pohon předních kol
Hyundai,Santa Fe,149999,2011,Ojeté,182866,145,Nafta,0,Manuální,4x4
Fiat,500X,249999,2015,Ojeté,166091,103,Benzín,0,Automatická,Pohon předních kol
Citroën,C3,184999,2018,Ojeté,62944,61,Benzín,0,Manuální,Pohon předních kol
Hyundai,i30,519999,2018,Ojeté,88777,720,Benzín,0,Manuální,Pohon předních kol
Ford,Focus,199999,2016,Ojeté,117174,110,Nafta,0,Automatická,Pohon předních kol
Škoda,Karoq,454999,2020,Ojeté,143842,110,Benzín,0,Automatická,Pohon předních kol
Škoda,Octavia,478999,2022,Ojeté,94319,85,Nafta,0,Manuální,Pohon předních kol
Volkswagen,Passat,388999,2020,Ojeté,115154,110,Benzín,0,Manuální,Pohon předních kol
Volvo,XC40,739000,2023,Ojeté,15812,120,Benzín,0,Automatická,Pohon předních kol
Opel,Vivaro,399999,2018,Ojeté,162882,107,Nafta,0,Manuální,Pohon předních kol
Mercedes-Benz,GLB,1164999,2025,Ojeté,6077,110,Nafta,0,Automatická,4x4
BMW,Řada 5,179999,2012,Ojeté,355802,190,Nafta,0,Automatická,4x4
Volkswagen,Transporter,569999,2021,Ojeté,138069,81,Nafta,0,Manuální,Pohon předních kol
Kia,Sportage,419999,2018,Ojeté,119361,130,Benzín,0,Automatická,4x4
Ford,Tourneo Custom,1231901,2026,Nové,11,110,Nafta,0,Manuální,Pohon předních kol
Škoda,Octavia,219999,2014,Ojeté,152562,77,Nafta,0,Manuální,Pohon předních kol
Volkswagen,Golf,569999,2017,Ojeté,133874,228,Benzín,0,Manuální,4x4
Škoda,Superb,589999,2020,Ojeté,126924,140,Benzín,0,Automatická,Pohon předních kol
Škoda,Octavia,219999,2015,Ojeté,165000,66,Nafta,0,Manuální,Pohon předních kol
Ford,Kuga,269999,2014,Ojeté,118118,103,Nafta,0,Manuální,Pohon předních kol
Škoda,Karoq,318999,2018,Ojeté,198111,85,Benzín,0,Manuální,Pohon předních kol
Hyundai,Bayon,369999,2022,Ojeté,35262,73,Benzín,0,Automatická,Pohon předních kol
Škoda,Octavia,199999,2014,Ojeté,322046,135,Nafta,0,Manuální,Pohon předních kol
Jeep,Wrangler,459999,2010,Ojeté,158701,130,Nafta,0,Automatická,4x4
Ford,Transit,149999,2010,Ojeté,226970,63,Nafta,0,Manuální,Pohon předních kol
Kia,Cee´d,159999,2013,Ojeté,167460,99,Benzín,0,Manuální,Pohon předních kol
Mazda,CX-3,309999,2017,Ojeté,98715,88,Benzín,0,Manuální,Pohon předních kol
Volkswagen,T-Cross,358999,2019,Ojeté,141849,85,Benzín,0,Automatická,Pohon předních kol
Mazda,CX-3,359999,2016,Ojeté,75088,110,Benzín,0,Manuální,4x4
Mercedes-Benz,GLB,849000,2022,Ojeté,69031,110,Nafta,0,Automatická,4x4
Volkswagen,Transporter,509999,2016,Ojeté,143677,110,Nafta,0,Manuální,Pohon předních kol
Škoda,Octavia,359999,2022,Ojeté,171679,81,Benzín,0,Automatická,Pohon předních kol
Volkswagen,Touran,419999,2021,Ojeté,192802,90,Nafta,0,Manuální,Pohon předních kol
Škoda,Superb,749999,2022,Ojeté,28025,140,Benzín,0,Automatická,Pohon předních kol
Hyundai,ix35,228999,2014,Ojeté,108345,99,Benzín,0,Manuální,Pohon předních kol
Hyundai,i40,198999,2014,Ojeté,100524,100,Nafta,0,Manuální,Pohon předních kol
Dacia,Duster,164999,2018,Ojeté,144173,84,Benzín,0,Manuální,Pohon předních kol
Škoda,Octavia,84999,2009,Ojeté,396425,103,Nafta,0,Manuální,Pohon předních kol
Škoda,Rapid,178999,2014,Ojeté,149961,77,Benzín,0,Manuální,Pohon předních kol
Hyundai,Tucson,579999,2024,Ojeté,29133,110,Benzín,0,Automatická,Pohon předních kol
Kia,Sportage,839999,2024,Ojeté,21433,132,Hybridní,0,Automatická,4x4
Tesla,Model Y,819999,2022,Ojeté,99951,378,Elektro,0,Automatická,4x4
Škoda,Superb,319999,2017,Ojeté,259857,140,Nafta,0,Automatická,4x4
Škoda,Fabia,169999,2015,Ojeté,144536,77,Nafta,0,Manuální,Pohon předních kol
Mercedes-Benz,Třídy C,329999,2018,Ojeté,264716,150,Nafta,0,Automatická,Pohon zadních kol
Peugeot,Rifter,459999,2021,Ojeté,127808,96,Nafta,0,Automatická,Pohon předních kol
Škoda,Scala,359999,2021,Ojeté,149623,110,Benzín,0,Manuální,Pohon předních kol
Mercedes-Benz,Třídy V,739998,2018,Ojeté,210359,140,Nafta,0,Automatická,4x4
Hyundai,Tucson,579999,2023,Ojeté,29526,110,Benzín,0,Automatická,Pohon předních kol
Škoda,Octavia,169999,2014,Ojeté,295696,103,Benzín,0,Automatická,Pohon předních kol
Dacia,Logan,99999,2017,Ojeté,143872,54,Benzín,0,Manuální,Pohon předních kol
Volvo,V90,649000,2017,Ojeté,155592,173,Nafta,0,Automatická,4x4
Škoda,Kodiaq,569999,2020,Ojeté,134833,140,Nafta,0,Automatická,4x4
Renault,Captur,169999,2015,Ojeté,113633,66,Benzín,0,Manuální,Pohon předních kol
Kia,XCee´d,519999,2023,Ojeté,24376,118,Benzín,0,Manuální,Pohon předních kol
Škoda,Superb,389999,2020,Ojeté,177530,110,Benzín,0,Automatická,Pohon předních kol
Volkswagen,Tiguan,489999,2022,Ojeté,145122,96,Benzín,0,Manuální,Pohon předních kol
Škoda,Kodiaq,469999,2016,Ojeté,183697,140,Nafta,0,Automatická,4x4
Tesla,Model Y,679999,2021,Ojeté,171288,258,Elektro,0,Automatická,4x4
Volkswagen,Golf,369999,2022,Ojeté,98382,81,Benzín,0,Manuální,Pohon předních kol
Volkswagen,Touran,379999,2018,Ojeté,181951,110,Benzín,0,Automatická,Pohon předních kol
Hyundai,i30,699999,2022,Ojeté,46419,206,Benzín,0,Manuální,Pohon předních kol
Dodge,Ram,1359000,2021,Ojeté,71000,295,Benzín,0,Automatická,4x4
Kia,Cee´d,419999,2022,Ojeté,44117,118,Benzín,0,Automatická,Pohon předních kol
Škoda,Rapid,189999,2014,Ojeté,124395,77,Benzín,0,Manuální,Pohon předních kol
Škoda,Octavia,144999,2016,Ojeté,290725,81,Nafta,0,Manuální,Pohon předních kol
Volvo,V90,1079000,2024,Ojeté,20726,257,Hybridní,0,Automatická,4x4
Škoda,Kodiaq,889999,2022,Ojeté,84783,180,Benzín,0,Automatická,4x4
Toyota,C-HR,519999,2023,Ojeté,32791,72,Hybridní,0,Automatická,Pohon předních kol
Hyundai,Tucson,373999,2018,Ojeté,125298,100,Nafta,0,Manuální,4x4
Mercedes-Benz,GLE,639999,2016,Ojeté,234061,190,Nafta,0,Automatická,4x4
Hyundai,i20,339999,2021,Ojeté,33460,74,Benzín,0,Automatická,Pohon předních kol
Peugeot,5008,664999,2023,Ojeté,20098,96,Benzín,0,Automatická,Pohon předních kol
Peugeot,Expert,489999,2020,Ojeté,136728,88,Nafta,0,Manuální,Pohon předních kol
Škoda,Kodiaq,789999,2022,Ojeté,144739,147,Nafta,0,Automatická,4x4
Škoda,Fabia,209999,2017,Ojeté,184712,81,Benzín,0,Manuální,Pohon předních kol
Škoda,Octavia,79999,2011,Ojeté,333844,103,Nafta,0,Manuální,Pohon předních kol
Volkswagen,Golf,519999,2014,Ojeté,135587,221,Benzín,0,Automatická,4x4
Volkswagen,Sharan,180000,2011,Ojeté,268310,103,Nafta,0,Manuální,Pohon předních kol
Volkswagen,Passat,299999,2019,Ojeté,199802,110,Benzín,0,Automatická,Pohon předních kol
Volkswagen,Transporter,689999,2022,Ojeté,95318,81,Nafta,0,Manuální,Pohon předních kol
Škoda,Superb,739999,2023,Ojeté,43580,147,Nafta,0,Automatická,4x4
Hyundai,Genesis,399999,2016,Ojeté,163762,232,Benzín,0,Automatická,4x4
Mercedes-Benz,Třídy S,119999,2003,Ojeté,336411,150,Nafta,0,Automatická,Pohon zadních kol
Mercedes-Benz,CLA,669999,2021,Ojeté,43973,110,Nafta,0,Automatická,4x4
Toyota,C-HR,279999,2018,Ojeté,194692,85,Benzín,0,Manuální,Pohon předních kol
Volkswagen,T-Roc,309999,2019,Ojeté,156319,85,Benzín,0,Manuální,Pohon předních kol
BMW,X5,709999,2018,Ojeté,142730,190,Nafta,0,Automatická,4x4
Volkswagen,Passat,289999,2016,Ojeté,192089,110,Benzín,0,Automatická,Pohon předních kol
Opel,Combo,319999,2020,Ojeté,64297,81,Benzín,0,Manuální,Pohon předních kol
Škoda,Octavia,299999,2021,Ojeté,362113,110,Nafta,0,Automatická,Pohon předních kol
Mercedes-Benz,Vito,289999,2013,Ojeté,249139,70,Nafta,0,Manuální,Pohon zadních kol
Volkswagen,T-Roc,509999,2019,Ojeté,79076,110,Benzín,0,Automatická,Pohon předních kol
Ford,Ranger,1190000,2026,Nové,10,151,Nafta,0,Automatická,4x4
Škoda,Rapid,254999,2018,Ojeté,117216,81,Benzín,0,Manuální,Pohon předních kol
Mercedes-Benz,Třídy E,239999,2010,Ojeté,232081,215,Benzín,0,Automatická,Pohon zadních kol
Škoda,Superb,459999,2021,Ojeté,143300,110,Nafta,0,Automatická,Pohon předních kol
Volkswagen,Golf Sportsvan,269999,2014,Ojeté,136612,110,Benzín,0,Manuální,Pohon předních kol
Škoda,Karoq,399999,2019,Ojeté,94280,85,Benzín,0,Manuální,Pohon předních kol
Volkswagen,Passat,179999,2012,Ojeté,233528,77,Nafta,0,Manuální,Pohon předních kol
Ford,Tourneo Custom,759999,2018,Ojeté,55729,125,Nafta,0,Manuální,Pohon předních kol
Kia,Sportage,719999,2024,Ojeté,4231,117,Benzín,0,Automatická,4x4
Ford,Grand C-MAX,189999,2017,Ojeté,112500,92,Benzín,0,Manuální,Pohon předních kol
Ford,Transit Custom,479999,2021,Ojeté,155507,96,Nafta,0,Manuální,Pohon předních kol
Škoda,Octavia,529999,2021,Ojeté,98698,140,Benzín,0,Automatická,4x4
Volvo,V90,479000,2019,Ojeté,172298,147,Nafta,0,Automatická,Pohon předních kol
Audi,A5,429999,2017,Ojeté,193907,185,Benzín,0,Automatická,4x4
Škoda,Superb,559999,2020,Ojeté,168183,140,Nafta,0,Automatická,4x4
Škoda,Octavia,499999,2022,Ojeté,144219,110,Nafta,0,Automatická,Pohon předních kol
Volkswagen,Touran,79999,2013,Ojeté,274476,110,CNG + benzín,0,Manuální,Pohon předních kol
Suzuki,Swift,129999,2008,Ojeté,198444,92,Benzín,0,Manuální,Pohon předních kol
Škoda,Superb,529999,2020,Ojeté,122281,110,Nafta,0,Manuální,Pohon předních kol
Škoda,Octavia,314999,2017,Ojeté,182646,110,Nafta,0,Automatická,Pohon předních kol
Škoda,Octavia,179999,2013,Ojeté,208714,110,Nafta,0,Manuální,Pohon předních kol
Škoda,Superb,529999,2021,Ojeté,127325,147,Nafta,0,Automatická,4x4
Škoda,Kodiaq,799999,2022,Ojeté,130500,147,Nafta,0,Automatická,4x4
Jeep,Renegade,273999,2015,Ojeté,157445,103,Nafta,0,Automatická,4x4
Škoda,Kamiq,459999,2020,Ojeté,75216,110,Benzín,0,Automatická,Pohon předních kol
Hyundai,i30,299999,2022,Ojeté,153899,118,Benzín,0,Manuální,Pohon předních kol
Volkswagen,Passat,439999,2020,Ojeté,155894,140,Nafta,0,Automatická,Pohon předních kol
Volvo,XC60,369000,2015,Ojeté,240204,133,Nafta,0,Automatická,4x4
Škoda,Octavia,669999,2022,Ojeté,85858,147,Nafta,0,Automatická,4x4
Volkswagen,Golf,239999,2015,Ojeté,147895,92,Benzín,0,Manuální,Pohon předních kol
Mazda,6,139999,2013,Ojeté,205697,110,Nafta,0,Manuální,Pohon předních kol
Škoda,Octavia,519999,2021,Ojeté,87736,110,Nafta,0,Automatická,Pohon předních kol
Peugeot,2008,179999,2016,Ojeté,86282,60,Benzín,0,Manuální,Pohon předních kol
Audi,A6,279999,2014,Ojeté,210306,140,Nafta,0,Automatická,Pohon předních kol
Kia,XCee´d,680000,2025,Předváděcí,6,104,Hybridní,0,Automatická,
Renault,Captur,474999,2023,Ojeté,9154,68,Hybridní,0,Automatická,Pohon předních kol
Dacia,Duster,279999,2020,Ojeté,103534,96,Benzín,0,Manuální,Pohon předních kol
Citroën,Jumper,489999,2017,Ojeté,127115,120,Nafta,0,Manuální,Pohon předních kol
Škoda,Rapid,219999,2015,Ojeté,154781,90,Benzín,0,Automatická,Pohon předních kol
Volkswagen,Golf,189999,2015,Ojeté,308886,110,Nafta,0,Automatická,Pohon předních kol
Mercedes-Benz,CLA,699999,2021,Ojeté,86691,140,Nafta,0,Automatická,Pohon předních kol
Volkswagen,Arteon Shooting Brake,889999,2022,Ojeté,48105,235,Benzín,0,Automatická,4x4
Ford,Tourneo Custom,749999,2022,Ojeté,31770,95,Nafta,0,Manuální,Pohon předních kol
BMW,Řada 5,329999,2011,Ojeté,144855,190,Nafta,0,Automatická,4x4
Dodge,Ram,1129000,2020,Ojeté,119000,295,Benzín,0,Automatická,4x4
Škoda,Octavia,479999,2022,Ojeté,65171,85,Nafta,0,Manuální,Pohon předních kol
Peugeot,3008,519999,2022,Ojeté,29850,96,Benzín,0,Automatická,Pohon předních kol
Mercedes-Benz,Třídy A,939999,2020,Ojeté,119098,310,Benzín,0,Automatická,Pohon předních kol
Volkswagen,Touran,238999,2014,Ojeté,130786,77,Benzín,0,Manuální,Pohon předních kol
Hyundai,ix20,159999,2011,Ojeté,73666,66,Benzín,0,Manuální,Pohon předních kol
Volkswagen,Multivan,799999,2016,Ojeté,138810,150,Nafta,0,Automatická,4x4
Opel,Crossland X,184999,2020,Ojeté,142510,75,Nafta,0,Manuální,Pohon předních kol
Tesla,Model Y,819999,2021,Ojeté,86253,75,Elektro,0,Automatická,4x4
Tesla,Model 3,489999,2020,Ojeté,122350,239,Elektro,0,Automatická,Pohon zadních kol
Škoda,Kodiaq,689999,2019,Ojeté,156744,176,Nafta,0,Automatická,4x4
Toyota,Corolla,479999,2022,Ojeté,43052,92,Benzín,0,Automatická,Pohon předních kol
Land Rover,Discovery,2349000,2026,Předváděcí,9900,257,Nafta,0,Automatická,4x4
Mercedes-Benz,Třídy B,169999,2011,Ojeté,117319,80,Nafta,0,Automatická,Pohon předních kol
Volkswagen,Passat,459999,2020,Ojeté,170515,140,Nafta,0,Automatická,Pohon předních kol
Volkswagen,Tiguan Allspace,769999,2022,Ojeté,145379,140,Benzín,0,Automatická,4x4
Škoda,Octavia,439999,2021,Ojeté,135145,110,Benzín,0,Automatická,Pohon předních kol
Škoda,Superb,159999,2013,Ojeté,274864,103,Nafta,0,Manuální,Pohon předních kol
Volkswagen,Transporter,594999,2018,Ojeté,122109,110,Nafta,0,Automatická,Pohon předních kol
Hyundai,ix35,239999,2016,Ojeté,110291,122,Benzín,0,Manuální,4x4
Hyundai,i30,479999,2022,Ojeté,49357,117,Benzín,0,Automatická,Pohon předních kol
Ford,Ranger,679999,2020,Ojeté,64409,125,Nafta,0,Manuální,4x4
Škoda,Octavia,459999,2020,Ojeté,97728,110,Nafta,0,Automatická,Pohon předních kol
Volkswagen,Golf,359999,2015,Ojeté,166900,169,Benzín,0,Manuální,Pohon předních kol
Mercedes-Benz,Třídy C,389999,2018,Ojeté,185282,125,Nafta,0,Automatická,Pohon zadních kol
Hyundai,i30,124999,2010,Ojeté,89300,80,Benzín,0,Manuální,Pohon předních kol
Volkswagen,Sharan,329999,2015,Ojeté,185534,130,Nafta,0,Automatická,Pohon předních kol
Volkswagen,Touareg,699999,2018,Ojeté,269623,210,Nafta,0,Automatická,4x4
Audi,TT,569999,2016,Ojeté,98208,169,Benzín,0,Automatická,4x4
Škoda,Superb,189999,2018,Ojeté,301443,110,Nafta,0,Manuální,Pohon předních kol
Škoda,Superb,699999,2023,Ojeté,132772,147,Nafta,0,Automatická,4x4
Peugeot,3008,149999,2013,Ojeté,212729,120,Nafta,0,Automatická,Pohon předních kol
Ford,Tourneo Custom,419999,2017,Ojeté,173016,125,Nafta,0,Manuální,Pohon předních kol
Mercedes-Benz,GLC,849999,2022,Ojeté,83003,145,Benzín,0,Automatická,4x4
Škoda,Fabia,150000,2018,Ojeté,203000,77,Nafta,0,Manuální,
Volkswagen,Touran,199999,2015,Ojeté,214425,77,Nafta,0,Manuální,Pohon předních kol
Jeep,Grand Cherokee,419999,2017,Ojeté,207026,184,Nafta,0,Automatická,4x4
Hyundai,i30,279999,2019,Ojeté,87879,103,Benzín,0,Manuální,Pohon předních kol
Volvo,XC60,1329000,2023,Ojeté,46316,335,Hybridní,0,Automatická,4x4
Hyundai,i30,169999,2013,Ojeté,146082,99,Benzín,0,Manuální,Pohon předních kol
Mercedes-Benz,Třídy B,569999,2021,Ojeté,54001,110,Nafta,0,Automatická,Pohon předních kol
Volvo,V60,499999,2017,Ojeté,139849,270,Benzín,0,Automatická,4x4
Škoda,Superb,359999,2017,Ojeté,184644,110,Nafta,0,Manuální,Pohon předních kol
Ford,Kuga,219999,2014,Ojeté,213870,103,Nafta,0,Automatická,4x4
Audi,A4,89999,2007,Ojeté,336704,171,Nafta,0,Manuální,4x4
Škoda,Kodiaq,799999,2022,Ojeté,138207,147,Nafta,0,Automatická,4x4
Peugeot,508,599999,2023,Ojeté,61482,96,Nafta,0,Automatická,Pohon předních kol
Škoda,Octavia,299999,2014,Ojeté,193454,135,Nafta,0,Automatická,Pohon předních kol
Škoda,Scala,359999,2022,Ojeté,144749,110,Benzín,0,Manuální,Pohon předních kol
Mitsubishi,L200,499999,2019,Ojeté,143355,110,Nafta,0,Automatická,4x4
Škoda,Karoq,549999,2019,Ojeté,104030,110,Benzín,0,Automatická,4x4
Škoda,Superb,319999,2016,Ojeté,278556,140,Nafta,0,Automatická,Pohon předních kol
Škoda,Octavia,269999,2017,Ojeté,149211,85,Nafta,0,Manuální,Pohon předních kol
Škoda,Kodiaq,519999,2017,Ojeté,139575,140,Nafta,0,Automatická,4x4
Škoda,Octavia,169999,2013,Ojeté,177796,77,Benzín,0,Manuální,Pohon předních kol
Jeep,Grand Cherokee,419999,2018,Ojeté,240977,184,Nafta,0,Automatická,4x4
Ford,Ranger,669999,2018,Ojeté,129543,147,Nafta,0,Automatická,4x4
Opel,Mokka,379999,2022,Ojeté,39946,96,Benzín,0,Manuální,Pohon předních kol
Hyundai,i30,319999,2022,Ojeté,142093,117,Benzín,0,Manuální,Pohon předních kol
Citroën,Grand C4 SpaceTourer,279999,2019,Ojeté,73947,96,Benzín,0,Manuální,Pohon předních kol
Škoda,Scala,444999,2021,Ojeté,34314,81,Benzín,0,Automatická,Pohon předních kol
Volvo,V90,869000,2022,Ojeté,97242,173,Nafta,0,Automatická,4x4
Volkswagen,Passat,419999,2019,Ojeté,179277,140,Nafta,0,Automatická,Pohon předních kol
Hyundai,Santa Fe,319999,2016,Ojeté,187133,147,Nafta,0,Automatická,4x4
Škoda,Octavia,529999,2019,Ojeté,87277,180,Benzín,0,Automatická,Pohon předních kol
Škoda,Fabia,359999,2022,Ojeté,28995,70,Benzín,0,Manuální,Pohon předních kol
Volkswagen,Touareg,209999,2008,Ojeté,197428,176,Nafta,0,Manuální,4x4
BMW,i3,500000,2022,Ojeté,55012,135,Elektro,42,Automatická,
Kia,Sportage,619999,2023,Ojeté,65154,110,Benzín,0,Manuální,4x4
Ford,Kuga,449999,2020,Ojeté,101298,110,Benzín,0,Manuální,Pohon předních kol
Mercedes-Benz,CLA,239999,2016,Ojeté,238564,80,Nafta,0,Manuální,Pohon předních kol
Škoda,Octavia,319999,2018,Ojeté,62500,110,Benzín,0,Manuální,Pohon předních kol
Peugeot,508,209999,2015,Ojeté,175744,110,Nafta,0,Manuální,Pohon předních kol
Hyundai,i40,219999,2016,Ojeté,126931,104,Nafta,0,Manuální,Pohon předních kol
Volkswagen,Tiguan Allspace,599999,2020,Ojeté,81578,110,Nafta,0,Automatická,Pohon předních kol
Škoda,Yeti,279999,2014,Ojeté,101809,77,Benzín,0,Automatická,Pohon předních kol
Toyota,Corolla,249999,2016,Ojeté,143921,97,Benzín,0,Manuální,Pohon předních kol
Škoda,Rapid,289999,2017,Ojeté,86840,92,Benzín,0,Automatická,Pohon předních kol
Peugeot,5008,269999,2017,Ojeté,132523,96,Benzín,0,Manuální,Pohon předních kol
Škoda,Kodiaq,499999,2021,Ojeté,235466,140,Benzín,0,Automatická,4x4
Volkswagen,Golf,298999,2012,Ojeté,182117,173,Benzín,0,Manuální,Pohon předních kol
Hyundai,ix35,249999,2014,Ojeté,123862,100,Nafta,0,Manuální,4x4
Škoda,Superb,429999,2021,Ojeté,159586,110,Nafta,0,Manuální,Pohon předních kol
Mercedes-Benz,GLS,1599999,2021,Ojeté,128710,243,Nafta,0,Automatická,4x4
Dacia,Lodgy,109999,2012,Ojeté,161610,66,Nafta,0,Manuální,Pohon předních kol
Škoda,Kamiq,424999,2021,Ojeté,95202,81,Benzín,0,Automatická,Pohon předních kol
Volkswagen,Tiguan,279999,2012,Ojeté,131056,561,Benzín,0,Manuální,4x4
Volkswagen,Golf Sportsvan,269999,2015,Ojeté,76826,63,Benzín,0,Manuální,Pohon předních kol
Škoda,Octavia,249999,2017,Ojeté,136390,81,Nafta,0,Automatická,Pohon předních kol
Citroën,Berlingo,169999,2016,Ojeté,169045,73,Nafta,0,Manuální,Pohon předních kol
Audi,A4,219999,2014,Ojeté,237209,110,Nafta,0,Manuální,4x4
Mercedes-Benz,Třídy V,999000,2021,Ojeté,60923,120,Nafta,0,Automatická,Pohon předních kol
Škoda,Octavia,134999,2011,Ojeté,177250,77,Benzín,0,Manuální,Pohon předních kol
Škoda,Octavia,349999,2019,Ojeté,124384,110,Nafta,0,Automatická,Pohon předních kol
Hyundai,i30,289999,2019,Ojeté,30992,73,Benzín,0,Manuální,Pohon předních kol
Škoda,Karoq,579999,2022,Ojeté,88272,85,Nafta,0,Automatická,Pohon předních kol
Škoda,Superb,688999,2023,Ojeté,120549,147,Nafta,0,Automatická,Pohon předních kol
Škoda,Yeti,289999,2015,Ojeté,83807,77,Benzín,0,Manuální,Pohon předních kol
Renault,Grand Scénic,169999,2015,Ojeté,179313,81,Nafta,0,Manuální,Pohon předních kol
Volkswagen,Passat,179999,2012,Ojeté,170178,90,Benzín,0,Manuální,Pohon předních kol
Volkswagen,Touran,199999,2011,Ojeté,187601,103,Benzín,0,Manuální,Pohon předních kol
Hyundai,i30,409999,2022,Ojeté,70352,117,Benzín,0,Automatická,Pohon předních kol
Opel,Vivaro,369999,2018,Ojeté,116788,70,Nafta,0,Manuální,Pohon předních kol
Jeep,Grand Cherokee,239999,2012,Ojeté,217702,177,Nafta,0,Automatická,4x4
Tesla,Model 3,739999,2022,Ojeté,42185,366,Elektro,0,Automatická,4x4
Volkswagen,Passat,279999,2015,Ojeté,253918,110,Nafta,0,Manuální,4x4
Volkswagen,Passat,349999,2015,Ojeté,183041,176,Nafta,0,Automatická,4x4
Ford,Galaxy,369999,2018,Ojeté,199233,140,Nafta,0,Manuální,Pohon předních kol
Land Rover,Range Rover Sport,3039000,2026,Nové,0,221,Nafta,0,Automatická,4x4
Škoda,Octavia,688999,2022,Ojeté,80504,180,Benzín,0,Automatická,Pohon předních kol
Volvo,XC90,169999,2005,Ojeté,235743,136,Nafta,0,Automatická,4x4
Mercedes-Benz,AMG GT,2799999,2019,Ojeté,37254,430,Benzín,0,Automatická,Pohon předních kol
Mercedes-Benz,Třídy S,3439000,2025,Ojeté,9954,270,Nafta,0,Automatická,4x4
Mini,Countryman,599999,2022,Ojeté,60359,100,Benzín,0,Automatická,Pohon předních kol
Škoda,Kodiaq,619999,2019,Ojeté,148326,140,Benzín,0,Automatická,4x4
Ford,Tourneo Custom,469999,2015,Ojeté,136598,114,Nafta,0,Manuální,Pohon předních kol
Mercedes-Benz,CLA,750000,2023,Ojeté,62301,160,Hybridní,0,Automatická,
Peugeot,208,144999,2017,Ojeté,134157,60,Benzín,0,Manuální,Pohon předních kol
Citroën,C4 Picasso,199999,2017,Ojeté,85442,96,Benzín,0,Manuální,Pohon předních kol
Škoda,Yeti,219999,2016,Ojeté,238345,81,Nafta,0,Manuální,4x4
Škoda,Roomster,119999,2014,Ojeté,194567,63,Benzín,0,Manuální,Pohon předních kol
Citroën,Berlingo,129999,2012,Ojeté,227574,72,Benzín,0,Manuální,Pohon předních kol
Volkswagen,Golf,259999,2017,Ojeté,189365,81,Benzín,0,Manuální,Pohon předních kol
Renault,Koleos,579999,2021,Ojeté,104607,140,Nafta,0,Automatická,4x4
Škoda,Octavia,399999,2019,Ojeté,81790,110,Nafta,0,Manuální,Pohon předních kol
Cadillac,Escalade,899999,2017,Ojeté,116491,313,Benzín,0,Automatická,4x4
Škoda,Superb,579999,2020,Ojeté,133059,140,Nafta,0,Automatická,4x4
Ford,Tourneo Custom,1287000,2026,Nové,10,125,Nafta,0,Automatická,Pohon předních kol
Hyundai,i30,249999,2020,Ojeté,199118,85,Nafta,0,Automatická,Pohon předních kol
Hyundai,i30,449999,2022,Ojeté,31459,117,Benzín,0,Automatická,Pohon předních kol
Volkswagen,Tiguan Allspace,479999,2019,Ojeté,179570,110,Benzín,0,Automatická,Pohon předních kol
Audi,A3,119999,2007,Ojeté,207571,103,Nafta,0,Automatická,Pohon předních kol
Škoda,Superb,649999,2022,Ojeté,16560,110,Nafta,0,Automatická,Pohon předních kol
Mercedes-Benz,Sprinter,949999,2022,Ojeté,84105,125,Nafta,0,Manuální,Pohon předních kol
Škoda,Karoq,789999,2023,Ojeté,41707,110,Nafta,0,Automatická,4x4
Volkswagen,Multivan,849999,2018,Ojeté,101869,150,Nafta,0,Automatická,Pohon předních kol
BMW,X1,379999,2016,Ojeté,163247,140,Nafta,0,Manuální,4x4
Škoda,Superb,399999,2017,Ojeté,183988,140,Nafta,0,Automatická,Pohon předních kol
Volvo,XC40,499000,2018,Ojeté,194153,140,Nafta,0,Automatická,4x4
Toyota,Corolla Verso,3000,2006,Ojeté,408000,100,Nafta,0,Manuální,
Lada,Kalina,9900,2007,Ojeté,107000,60,LPG + benzín,0,Manuální,Pohon předních kol
Citroën,Xsara Picasso,8000,2000,Ojeté,180500,85,Benzín,0,Manuální,Pohon předních kol
Ford,Galaxy,8000,1999,Ojeté,307944,81,Nafta,0,Manuální,Pohon předních kol
Opel,Meriva,7000,2005,Ojeté,150000,66,Benzín,0,Manuální,Pohon předních kol
Citroën,C4,8000,2006,Ojeté,207381,80,Benzín,0,Manuální,
Renault,Scénic,5000,2001,Ojeté,289160,,Benzín,0,,
Ford,Transit,7400,2008,Ojeté,733000,103,Nafta,0,Manuální,Pohon předních kol
Chrysler,Voyager,5000,2004,Ojeté,250000,110,Nafta,0,Automatická,Pohon předních kol
Opel,Astra,5000,1998,Ojeté,330000,55,Benzín,0,Manuální,Pohon předních kol
Škoda,Octavia,9630,1999,Ojeté,360000,81,Nafta,0,Manuální,Pohon předních kol
Ford,Focus,9900,2003,Ojeté,258000,74,Benzín,0,Manuální,
Opel,Meriva,5000,2003,Ojeté,282810,74,Benzín,0,Manuální,Pohon předních kol
Opel,Corsa,6000,1995,Ojeté,133000,44,Benzín,0,Automatická,Pohon předních kol
Fiat,Seicento,9900,2001,Ojeté,96000,40,Benzín,0,Manuální,Pohon předních kol
Fiat,Dobló,9900,2006,Ojeté,300000,62,Nafta,0,Manuální,
Citroën,C8,8000,2005,Ojeté,258071,80,Nafta,0,Manuální,
Seat,Leon,9900,2002,Ojeté,213000,55,Benzín,0,Manuální,Pohon předních kol
Škoda,Octavia,8000,2008,Ojeté,273309,75,Benzín,0,Manuální,Pohon předních kol
Škoda,Fabia,10000,2002,Ojeté,214001,50,Benzín,0,Manuální,Pohon předních kol
Ford,Galaxy,12000,2000,Ojeté,357243,85,Nafta,0,Manuální,Pohon předních kol
Mercedes-Benz,CLA,570000,2021,Ojeté,105148,160,Hybridní,0,Automatická,
Volkswagen,Golf,9999,2009,Ojeté,313000,90,Benzín,0,Manuální,Pohon předních kol
Ford,Fiesta,12000,2008,Ojeté,287000,51,Benzín,0,Manuální,
Ford,Focus,12000,2006,Ojeté,300164,66,Nafta,0,Manuální,Pohon předních kol
Fiat,Panda,12800,2009,Ojeté,149000,40,Benzín,0,Manuální,
Dodge,Ram,1429000,2022,Ojeté,42000,306,LPG + benzín,0,Automatická,4x4
Citroën,C3 Picasso,12000,2009,Ojeté,221765,70,Benzín,0,Manuální,
Peugeot,205,9996,1996,Ojeté,75000,36,Benzín,0,Manuální,Pohon předních kol
Mercedes-Benz,Třídy A,9999,2001,Ojeté,275000,92,Benzín,0,Automatická,Pohon předních kol
Renault,Scénic,12900,2005,Ojeté,245976,88,Nafta,0,Manuální,Pohon předních kol
Ford,Focus,9900,1999,Ojeté,266819,74,Benzín,0,Manuální,Pohon předních kol
Chevrolet,Spark,10000,2008,Ojeté,110741,38,Benzín,0,Manuální,Pohon předních kol
Renault,Clio,11999,1999,Ojeté,208000,43,Benzín,0,Manuální,Pohon předních kol
Volvo,V50,10000,2005,Ojeté,389568,100,Nafta,0,Manuální,
Škoda,Fabia,12000,2004,Ojeté,170444,40,Benzín,0,Manuální,Pohon předních kol
Peugeot,206,10000,1999,Ojeté,151056,55,Benzín,0,Manuální,
Suzuki,Swift,10000,1997,Ojeté,102479,39,Benzín,0,Manuální,Pohon předních kol
Škoda,Fabia,13000,2003,Ojeté,298321,,LPG + benzín,0,Manuální,
Škoda,Octavia,12000,2000,Ojeté,231000,55,Benzín,0,Manuální,Pohon předních kol
Škoda,Fabia,12000,2001,Ojeté,293827,47,Nafta,0,Manuální,Pohon předních kol
Opel,Corsa,15000,2002,Ojeté,140703,55,Benzín,0,Manuální,
Kia,Sportage,14999,1998,Ojeté,196454,94,Benzín,0,Manuální,4x4
Peugeot,406,14000,2000,Ojeté,299200,66,Nafta,0,Manuální,
Škoda,Superb,14900,2008,Ojeté,403150,103,Nafta,0,Manuální,Pohon předních kol
Opel,Astra,13000,1992,Ojeté,160089,44,Benzín,0,Manuální,
Volkswagen,Touran,15000,2009,Ojeté,262000,,CNG + benzín,0,,
Toyota,Rav4,15000,1997,Ojeté,220000,95,Benzín,0,Automatická,
Ford,Focus,14800,2006,Ojeté,248000,74,Benzín,0,Manuální,
Fiat,Punto,14000,2002,Ojeté,133760,44,Benzín,0,Manuální,Pohon předních kol
Škoda,Fabia,15000,2006,Ojeté,216657,,Benzín,0,Manuální,Pohon předních kol
Opel,Corsa,14900,2001,Ojeté,177000,,Benzín,0,,
Peugeot,306,14999,1999,Ojeté,272500,81,Benzín,0,Manuální,Pohon předních kol
Ford,Puma,515900,2026,Nové,10,92,Benzín,0,Manuální,Pohon předních kol
Peugeot,406,14000,2002,Ojeté,316284,80,Nafta,0,Manuální,Pohon předních kol
Ford,Fiesta,14700,2004,Ojeté,212000,59,Benzín,0,Manuální,Pohon předních kol
Opel,Meriva,14500,2005,Ojeté,161000,66,Benzín,0,Manuální,
Škoda,Fabia,15000,2002,Ojeté,155724,50,Benzín,0,Manuální,
Suzuki,Wagon R,13000,2001,Ojeté,138188,56,Benzín,0,Manuální,Pohon předních kol
Kia,Picanto,15000,2004,Ojeté,145705,48,Benzín,0,Manuální,
Volkswagen,Passat Variant,15000,2003,Ojeté,319111,74,Nafta,0,Manuální,
Škoda,Superb,15000,2004,Ojeté,328760,96,Nafta,0,Automatická,
Škoda,Forman,15000,1993,Ojeté,88000,40,Benzín,0,Manuální,
Mercedes-Benz,Třídy A,15000,2001,Ojeté,255308,70,Nafta,0,Manuální,
Fiat,Punto,15000,2006,Ojeté,246458,66,Nafta,0,Manuální,Pohon předních kol
Renault,Laguna,15000,2002,Ojeté,296113,88,Benzín,0,Manuální,
Ford,C-MAX,15000,2007,Ojeté,326942,100,Nafta,0,,Pohon předních kol
Škoda,Fabia,15000,2004,Ojeté,208304,47,Benzín,0,Manuální,
Škoda,Octavia,15000,2001,Ojeté,271048,75,Benzín,0,Manuální,Pohon předních kol
Volkswagen,Passat,15000,2007,Ojeté,314000,85,Benzín,0,Manuální,Pohon předních kol
Škoda,Octavia,15000,1998,Ojeté,507173,81,Nafta,0,Manuální,Pohon předních kol
Volvo,XC60,1289000,2026,Nové,0,184,Benzín,0,Automatická,4x4
Opel,Meriva,15000,2003,Ojeté,235000,74,Benzín,0,Manuální,
Mazda,3,15000,2006,Ojeté,245000,80,Nafta,0,Manuální,Pohon předních kol
Citroën,C3,15000,2002,Ojeté,192390,50,Nafta,0,Manuální,Pohon předních kol
Škoda,Octavia,15000,2001,Ojeté,400000,50,Nafta,0,Manuální,
Fiat,Bravo,15000,2008,Ojeté,369000,88,LPG + benzín,0,Manuální,Pohon předních kol
Seat,Ibiza,15000,2005,Ojeté,217000,47,LPG + benzín,0,Manuální,Pohon předních kol
Citroën,Saxo,15000,2000,Ojeté,211294,44,Benzín,0,Manuální,
Škoda,Fabia,15000,2003,Ojeté,190380,44,Benzín,0,Manuální,
Seat,Ibiza,15000,1998,Ojeté,214000,74,Benzín,0,Manuální,
Opel,Corsa,15000,1998,Ojeté,144000,66,Benzín,0,Automatická,Pohon předních kol
Škoda,Octavia,16000,2008,Ojeté,294000,103,Nafta,0,Automatická,Pohon předních kol
Škoda,Fabia,15000,2006,Ojeté,191661,40,Benzín,0,Manuální,Pohon předních kol
Citroën,C3,17000,2008,Ojeté,132584,44,Benzín,0,Manuální,Pohon předních kol
Ford,Mondeo,15000,2003,Ojeté,98500,85,Benzín,0,Manuální,Pohon předních kol
Ford,Focus,16000,2007,Ojeté,300000,,Benzín,0,Manuální,
Opel,Astra,16000,2005,Ojeté,320700,74,Nafta,0,Manuální,Pohon předních kol
Opel,Meriva,15000,2004,Ojeté,193000,74,Benzín,0,Manuální,
Citroën,Berlingo,16500,2005,Ojeté,200000,,Benzín,0,,
Fiat,Stilo,16000,2002,Ojeté,283700,76,Benzín,0,Manuální,
Peugeot,807,15999,2008,Ojeté,278000,125,Nafta,0,Manuální,Pohon předních kol
Renault,Clio,17000,2012,Ojeté,263000,55,Nafta,0,Manuální,Pohon předních kol
Škoda,Fabia,15000,2007,Ojeté,278651,47,Benzín,0,Manuální,Pohon předních kol
Renault,Clio,16500,2008,Ojeté,242500,43,Benzín,0,Manuální,Pohon předních kol
Opel,Zafira,16900,2006,Ojeté,127100,69,CNG + benzín,0,Manuální,
Audi,A4,16000,2005,Ojeté,487692,85,Nafta,0,Manuální,
Ford,Fiesta,16500,2006,Ojeté,257434,50,Nafta,0,Manuální,
Ford,Fiesta,15000,2003,Ojeté,205010,50,Nafta,0,Manuální,Pohon předních kol
Ford,Fiesta,16000,2004,Ojeté,149300,51,Benzín,0,Manuální,Pohon předních kol
Volkswagen,Passat,16000,1998,Ojeté,268640,74,Benzín,0,Manuální,Pohon předních kol
Volkswagen,New Beetle,17000,1998,Ojeté,250000,85,Benzín,0,Manuální,
Alfa Romeo,156,18000,2007,Ojeté,156000,85,Nafta,0,Manuální,Pohon předních kol
Nissan,Primera,18000,2001,Ojeté,242916,103,Benzín,0,Manuální,Pohon předních kol
Škoda,Fabia,17000,2005,Ojeté,238000,38,Benzín,0,Manuální,Pohon předních kol
Volvo,V50,17900,2007,Ojeté,211271,80,Nafta,0,Manuální,Pohon předních kol
Nissan,Almera,18000,1997,Ojeté,225494,64,Benzín,0,Manuální,Pohon předních kol
Volvo,XC90,1849000,2025,Nové,0,335,Hybridní,0,Automatická,4x4
Peugeot,206,17900,2000,Ojeté,316120,44,Benzín,0,Manuální,
Citroën,C2,18000,2007,Ojeté,94500,44,Benzín,0,Manuální,Pohon předních kol
Renault,Thalia,18000,2008,Ojeté,184000,55,Benzín,0,Manuální,Pohon předních kol
Mercedes-Benz,Třídy C,17000,2001,Ojeté,200000,120,Benzín,0,Automatická,
Renault,Mégane,18000,2004,Ojeté,252805,98,Benzín,0,Manuální,Pohon předních kol
Renault,Clio,18000,2005,Ojeté,248510,43,Benzín,0,Manuální,
Opel,Astra,18500,2009,Ojeté,286000,74,Nafta,0,Manuální,Pohon předních kol
Škoda,Fabia,17000,2005,Ojeté,403033,55,Benzín,0,Manuální,Pohon předních kol
Volkswagen,Passat,17000,2005,Ojeté,373200,103,Nafta,0,Manuální,Pohon předních kol
Peugeot,308,18000,2010,Ojeté,348675,68,Nafta,0,Manuální,Pohon předních kol
Opel,Corsa,18900,2001,Ojeté,189496,43,Benzín,0,Manuální,
Renault,Twingo,17990,2002,Ojeté,223944,43,Benzín,0,Manuální,Pohon předních kol
Ford,Focus,17900,2007,Ojeté,338156,66,Nafta,0,Manuální,Pohon předních kol
Renault,Twingo,18000,2001,Ojeté,213666,43,Benzín,0,Manuální,
Chevrolet,Kalos,17500,2003,Ojeté,83000,69,Benzín,0,Manuální,Pohon předních kol
Peugeot,3008,19000,2011,Ojeté,206490,82,Nafta,0,Automatická,Pohon předních kol
Mitsubishi,Space Star,19000,2003,Ojeté,235078,72,Benzín,0,Manuální,Pohon předních kol
Volkswagen,Golf,19000,2001,Ojeté,296576,74,Nafta,0,Manuální,Pohon předních kol
Audi,A4,19000,2004,Ojeté,528703,74,Nafta,0,Manuální,Pohon předních kol
Toyota,Yaris,18900,1999,Ojeté,144923,50,Benzín,0,Manuální,Pohon předních kol
Citroën,C3,19000,2003,Ojeté,289497,54,Benzín,0,Manuální,Pohon předních kol
Škoda,Octavia,19000,1997,Ojeté,223441,55,Benzín,0,Manuální,Pohon předních kol
Škoda,Fabia,19000,2004,Ojeté,155028,40,Benzín,0,Manuální,Pohon předních kol
Seat,Leon,19000,2002,Ojeté,244054,77,Benzín,0,Manuální,Pohon předních kol
Dacia,Logan,19000,2009,Ojeté,212472,55,Benzín,0,Manuální,Pohon předních kol
Peugeot,407,19000,2004,Ojeté,275520,100,Nafta,0,Manuální,Pohon předních kol
Ford,Puma,555000,2026,Nové,10,92,Benzín,0,Manuální,Pohon předních kol
Mercedes-Benz,Třídy A,19000,2005,Ojeté,196404,70,Benzín,0,Manuální,Pohon předních kol
Opel,Astra,18900,2004,Ojeté,291100,59,Nafta,0,Manuální,
Škoda,Felicia,19000,1997,Ojeté,165545,40,Benzín,0,Manuální,Pohon předních kol
Renault,Thalia,19000,2005,Ojeté,145813,55,Benzín,0,Manuální,Pohon předních kol
Škoda,Fabia,19000,2004,Ojeté,112789,47,Benzín,0,Manuální,Pohon předních kol
Hyundai,Coupé,19000,1999,Ojeté,128825,102,Benzín,0,Manuální,Pohon předních kol
Ford,Focus,19000,2001,Ojeté,249000,74,Benzín,0,Manuální,Pohon předních kol
Hyundai,Tucson,19000,2004,Ojeté,280000,82,Nafta,0,Manuální,Pohon předních kol
Škoda,Octavia,19000,2002,Ojeté,221142,75,LPG + benzín,0,Manuální,Pohon předních kol
Hyundai,Elantra,19000,2003,Ojeté,239158,82,Nafta,0,Manuální,Pohon předních kol
Škoda,Fabia,19000,2003,Ojeté,238113,47,Benzín,0,Manuální,Pohon předních kol
Opel,Meriva,19000,2005,Ojeté,350100,66,Benzín,0,Manuální,Pohon předních kol
Volkswagen,Golf,532000,2023,Ojeté,41764,96,Benzín,0,Manuální,Pohon předních kol
Opel,Corsa,19000,2004,Ojeté,380000,55,Nafta,0,Manuální,Pohon předních kol
Chevrolet,Spark,19000,2007,Ojeté,137500,38,Benzín,0,Manuální,Pohon předních kol
Volkswagen,Golf,19000,1996,Ojeté,283500,44,Benzín,0,Manuální,
Volkswagen,Golf,19900,1998,Ojeté,268000,55,Benzín,0,Manuální,
Chevrolet,Spark,19000,2008,Ojeté,103000,38,Benzín,0,Manuální,
Jeep,Compass,19000,2007,Ojeté,254000,125,Benzín,0,Manuální,4x4
Volkswagen,Lupo,19500,2000,Ojeté,219176,37,Benzín,0,Manuální,Pohon předních kol
Renault,Mégane,19000,1999,Ojeté,170000,79,Benzín,0,Manuální,Pohon předních kol
Škoda,Fabia,19500,2002,Ojeté,208500,40,Benzín,0,Manuální,Pohon předních kol
Renault,Mégane,19000,2006,Ojeté,418000,99,Benzín,0,Manuální,Pohon předních kol
Fiat,Stilo,19800,2001,Ojeté,272000,85,Nafta,0,Manuální,Pohon předních kol
Škoda,Octavia,19000,2008,Ojeté,389682,75,Benzín,0,Manuální,Pohon předních kol
Renault,Thalia,19900,2003,Ojeté,225918,55,Benzín,0,Manuální,Pohon předních kol
Volkswagen,Passat,19900,2001,Ojeté,371600,96,Nafta,0,Manuální,Pohon předních kol
Opel,Corsa,19900,2007,Ojeté,300000,55,Nafta,0,Manuální,Pohon předních kol
Citroën,C5,19000,2005,Ojeté,186600,85,Benzín,0,Manuální,Pohon předních kol
Peugeot,206,19000,2003,Ojeté,183520,80,Benzín,0,Manuální,
Mazda,3,19900,2006,Ojeté,328821,77,Benzín,0,Manuální,Pohon předních kol
Mercedes-Benz,Třídy A,19900,2005,Ojeté,163710,100,Benzín,0,Manuální,Pohon předních kol
Alfa Romeo,147,19900,2006,Ojeté,166279,77,Benzín,0,Manuální,Pohon předních kol
Peugeot,206,19900,2000,Ojeté,180880,44,Benzín,0,Manuální,
Ford,Mondeo,19900,2003,Ojeté,128964,125,Benzín,0,Automatická,Pohon předních kol
Peugeot,206,19900,1999,Ojeté,193567,44,Benzín,0,Manuální,Pohon předních kol
Volvo,XC60,1079000,2024,Ojeté,92100,257,Hybridní,0,Automatická,4x4
Peugeot,406,19900,2003,Ojeté,311000,66,Nafta,0,Manuální,Pohon předních kol
Peugeot,307,19900,2003,Ojeté,289222,66,Nafta,0,Manuální,Pohon předních kol
Peugeot,106,19900,1997,Ojeté,221380,37,Benzín,0,Manuální,
Volvo,V40,379000,2019,Ojeté,149526,110,Nafta,0,Automatická,
Peugeot,307,19900,2002,Ojeté,257963,80,Benzín,0,Manuální,Pohon předních kol
Ford,Fiesta,19900,2005,Ojeté,146000,50,Nafta,0,Manuální,Pohon předních kol
Volkswagen,Passat,19900,2005,Ojeté,468729,103,Nafta,0,Automatická,Pohon předních kol
Škoda,Felicia,19900,1999,Ojeté,99001,50,Benzín,0,Manuální,Pohon předních kol
Nissan,Almera,19900,2004,Ojeté,183600,72,Benzín,0,Manuální,Pohon předních kol
Renault,Thalia,19900,2008,Ojeté,111000,55,Benzín,0,,
Citroën,Saxo,19900,2002,Ojeté,178812,44,Benzín,0,Manuální,Pohon předních kol
Volkswagen,Golf,19900,2000,Ojeté,288000,55,Benzín,0,Manuální,
Opel,Corsa,19900,2002,Ojeté,147016,43,Benzín,0,Manuální,Pohon předních kol
Ford,Mondeo,19900,2003,Ojeté,300000,85,Nafta,0,Manuální,Pohon předních kol
Škoda,Fabia,19900,2003,Ojeté,140154,40,Benzín,0,Manuální,Pohon předních kol
Rover,25,19900,2001,Ojeté,185000,74,Nafta,0,,Pohon předních kol
Peugeot,206,20000,2005,Ojeté,174365,80,Benzín,0,Manuální,
Renault,Clio,19990,2002,Ojeté,362000,48,Nafta,0,,
Cupra,Formentor,629000,2024,Ojeté,64949,140,Benzín,0,Automatická,4x4
Škoda,Fabia,19999,2002,Ojeté,350000,55,Benzín,0,Manuální,Pohon předních kol
Opel,Omega,19999,1997,Ojeté,226346,96,Nafta,0,Automatická,
Škoda,Felicia,19990,1997,Ojeté,81006,50,Benzín,0,Manuální,Pohon předních kol
Citroën,Saxo,19990,2000,Ojeté,108000,44,Benzín,0,Manuální,
Volkswagen,Golf,19999,1999,Ojeté,195007,55,Benzín,0,Manuální,
Volkswagen,Passat,19999,2006,Ojeté,278565,103,Nafta,0,Manuální,Pohon předních kol
Škoda,Octavia,20000,2007,Ojeté,250000,,Benzín,0,,
Opel,Astra,19999,2007,Ojeté,254000,74,Nafta,0,Manuální,Pohon předních kol
Citroën,C4 Picasso,19999,2010,Ojeté,369000,92,CNG + benzín,0,Manuální,
Seat,Ibiza,19999,2012,Ojeté,188000,63,Benzín,0,Manuální,Pohon předních kol
Škoda,Octavia,19990,2010,Ojeté,480000,74,Nafta,0,Manuální,
Škoda,Fabia,20000,2002,Ojeté,269919,50,Benzín,0,Manuální,Pohon předních kol
Toyota,Celica,20000,2004,Ojeté,180000,104,Benzín,0,Manuální,Pohon předních kol
Škoda,Fabia,20000,2004,Ojeté,224152,47,Benzín,0,Manuální,
Hyundai,i20,20000,2011,Ojeté,286672,57,LPG + benzín,0,Manuální,Pohon předních kol
Suzuki,Liana,19990,2007,Ojeté,314000,79,Benzín,0,,
Fiat,Scudo,19999,1997,Ojeté,343000,67,Nafta,0,Manuální,Pohon předních kol
Land Rover,Defender,2679000,2026,Nové,0,257,Nafta,0,Automatická,4x4
Renault,Scénic,20000,2004,Ojeté,305075,88,Nafta,0,Manuální,
Volkswagen,Golf,21500,1999,Ojeté,252152,55,Benzín,0,Manuální,Pohon předních kol
Citroën,C5,20000,2003,Ojeté,124700,100,Benzín,0,Manuální,Pohon předních kol
Peugeot,308,20000,2011,Ojeté,180000,88,Benzín,0,,
Škoda,Fabia,21000,2002,Ojeté,241150,40,Benzín,0,Manuální,Pohon předních kol
Opel,Meriva,20000,2007,Ojeté,137802,66,Benzín,0,Manuální,
Peugeot,Partner,20000,2003,Ojeté,224728,80,Benzín,0,Manuální,Pohon předních kol
Ford,Mondeo,21900,2006,Ojeté,151531,92,Benzín,0,Manuální,Pohon předních kol
Renault,Clio,22000,2007,Ojeté,140000,43,Benzín,0,Manuální,Pohon předních kol
Volkswagen,Golf,20000,2002,Ojeté,205912,77,Benzín,0,Manuální,
Peugeot,406,20000,2002,Ojeté,437000,,Nafta,0,Manuální,Pohon předních kol
Citroën,C3,20000,2004,Ojeté,221981,50,Nafta,0,Manuální,Pohon předních kol
Ford,C-MAX,20000,2004,Ojeté,237953,107,Benzín,0,Manuální,
Suzuki,Ignis,20000,2006,Ojeté,306543,73,LPG + benzín,0,Manuální,4x4
Ford,Tourneo Custom,1195000,2026,Nové,10,110,Nafta,0,Manuální,Pohon předních kol
Ford,Fiesta,20000,2009,Ojeté,173644,66,Nafta,0,Manuální,
Mazda,323,20000,2001,Ojeté,151300,,Benzín,0,Automatická,
Renault,Thalia,20000,2010,Ojeté,118941,55,Benzín,0,Manuální,
Škoda,Fabia,20000,2002,Ojeté,168182,50,Benzín,0,Manuální,
Renault,Mégane,20000,2009,Ojeté,391123,72,LPG + benzín,0,Manuální,
Škoda,Fabia,20000,2003,Ojeté,190122,40,Benzín,0,Manuální,
Renault,Clio,22000,2004,Ojeté,274000,74,Nafta,0,Manuální,Pohon předních kol
Smart,Fortwo,22000,2001,Ojeté,196318,30,Nafta,0,Automatická,Pohon zadních kol
Peugeot,206,22000,2007,Ojeté,217913,50,Nafta,0,Manuální,
Nissan,Primera,22900,2002,Ojeté,215000,85,Benzín,0,Manuální,
Seat,Leon,22999,2005,Ojeté,246000,77,Benzín,0,Manuální,Pohon předních kol
Peugeot,206,22900,2000,Ojeté,245000,66,Nafta,0,Manuální,Pohon předních kol
Volkswagen,Polo,22999,2000,Ojeté,159772,37,Benzín,0,Manuální,
Volvo,V60,1269000,2026,Nové,0,257,Hybridní,0,Automatická,4x4
Mazda,2,23000,2005,Ojeté,142600,55,Benzín,0,Manuální,Pohon předních kol
Ford,Focus,22000,1999,Ojeté,218309,85,Benzín,0,Manuální,Pohon předních kol
Ford,Mondeo,23000,2006,Ojeté,205000,114,Nafta,0,Manuální,Pohon předních kol
Škoda,Octavia,22999,2010,Ojeté,341991,74,Nafta,0,Manuální,Pohon předních kol
Škoda,Octavia,22900,1997,Ojeté,116092,55,Benzín,0,Manuální,Pohon předních kol
Hyundai,Matrix,23000,2004,Ojeté,260000,90,Benzín,0,Manuální,Pohon předních kol
Škoda,Fabia,22900,2006,Ojeté,310000,47,Benzín,0,Manuální,Pohon předních kol
Rover,25,23000,2003,Ojeté,242000,74,Nafta,0,,
Fiat,Marea,22000,1998,Ojeté,182224,83,Benzín,0,Manuální,Pohon předních kol
Renault,Clio,23000,2005,Ojeté,209440,55,Benzín,0,Manuální,Pohon předních kol
Seat,Ibiza,22900,2007,Ojeté,145000,51,Benzín,0,Manuální,Pohon předních kol
Fiat,Stilo,23000,2002,Ojeté,280356,76,Benzín,0,Manuální,Pohon předních kol
Ford,Ranger,1265418,2026,Nové,16,151,Nafta,0,Automatická,4x4
Opel,Corsa,22000,2005,Ojeté,92300,44,Benzín,0,Manuální,Pohon předních kol
Jaguar,X-Type,24000,2007,Ojeté,200356,,Nafta,0,,Pohon předních kol
Toyota,Yaris,24000,2000,Ojeté,108100,50,Benzín,0,Manuální,Pohon předních kol
Opel,Corsa,24000,2003,Ojeté,236579,55,Benzín,0,Manuální,Pohon předních kol
Škoda,Fabia,24000,2004,Ojeté,168000,47,Benzín,0,Manuální,Pohon předních kol
Škoda,Fabia,24000,2000,Ojeté,221000,74,Nafta,0,Manuální,Pohon předních kol
Ford,Fiesta,23900,2005,Ojeté,209400,51,LPG + benzín,0,Manuální,Pohon předních kol
Škoda,Octavia,23999,2005,Ojeté,407230,103,Nafta,0,Manuální,Pohon předních kol
Chevrolet,Kalos,24000,2005,Ojeté,150000,53,Benzín,0,Manuální,Pohon předních kol
Volkswagen,Polo,24000,2001,Ojeté,187000,47,Benzín,0,Manuální,Pohon předních kol
Ford,Mondeo,24000,2004,Ojeté,361150,85,Nafta,0,Manuální,Pohon předních kol
Peugeot,206,24000,2004,Ojeté,202946,44,Benzín,0,Manuální,Pohon předních kol
Renault,Mégane,24000,1998,Ojeté,135000,51,Benzín,0,Manuální,Pohon předních kol
Škoda,Fabia,24000,2004,Ojeté,193241,47,Benzín,0,Manuální,
Volvo,XC60,1579000,2025,Ojeté,3000,257,Hybridní,0,Automatická,4x4
Ford,Fiesta,24000,1998,Ojeté,71300,44,Benzín,0,Manuální,Pohon předních kol
Peugeot,307,23900,2002,Ojeté,282500,80,Benzín,0,Manuální,Pohon předních kol
Peugeot,306,24000,1999,Ojeté,296400,55,Benzín,0,Manuální,Pohon předních kol
Renault,Twingo,24000,2000,Ojeté,130000,43,Benzín,0,Manuální,Pohon předních kol
Škoda,Fabia,24000,2003,Ojeté,156998,40,Benzín,0,Manuální,Pohon předních kol
Ford,Escort,24000,1996,Ojeté,75567,66,Benzín,0,Automatická,Pohon předních kol
Citroën,C4,24000,2009,Ojeté,237404,88,Benzín,0,Manuální,Pohon předních kol
Chevrolet,Spark,24900,2007,Ojeté,124267,38,Benzín,0,Manuální,
Opel,Vectra,24900,2000,Ojeté,202200,74,Benzín,0,Manuální,Pohon předních kol
Toyota,Yaris,24900,2002,Ojeté,132000,48,Benzín,0,Manuální,Pohon předních kol
Peugeot,207,24900,2008,Ojeté,170000,54,Benzín,0,Manuální,Pohon předních kol
Toyota,Yaris,24900,2004,Ojeté,219174,48,Benzín,0,Manuální,Pohon předních kol
Volvo,S60,979000,2024,Ojeté,17037,257,Hybridní,0,Automatická,4x4
Nissan,Micra,24900,2001,Ojeté,128500,44,Benzín,0,Manuální,Pohon předních kol
Peugeot,206,24900,2002,Ojeté,149900,44,Benzín,0,Manuální,Pohon předních kol
Peugeot,206,24900,2004,Ojeté,226690,80,Nafta,0,Manuální,Pohon předních kol
Ford,Focus,24590,2002,Ojeté,204000,74,Benzín,0,Manuální,Pohon předních kol
Volkswagen,Passat,24900,2007,Ojeté,297001,125,Nafta,0,Automatická,Pohon předních kol
Citroën,Xsara Picasso,24900,2004,Ojeté,298000,80,Nafta,0,Manuální,Pohon předních kol
Peugeot,206,24900,2005,Ojeté,163500,55,Benzín,0,Manuální,Pohon předních kol
Suzuki,Ignis,24900,2005,Ojeté,183873,69,Benzín,0,Manuální,Pohon předních kol
Hyundai,i10,24900,2008,Ojeté,80549,57,Benzín,0,Manuální,Pohon předních kol
Škoda,Octavia,24900,2001,Ojeté,379863,85,Benzín,0,Manuální,Pohon předních kol
Citroën,C5,24900,2002,Ojeté,249000,88,Nafta,0,Manuální,Pohon předních kol
Opel,Corsa,24900,2002,Ojeté,157545,43,Benzín,0,Manuální,Pohon předních kol
Škoda,Fabia,24900,2004,Ojeté,113000,40,Benzín,0,Manuální,Pohon předních kol
Hyundai,Getz,24000,2003,Ojeté,120090,46,Benzín,0,Manuální,Pohon předních kol
Volkswagen,Polo,24900,2000,Ojeté,163000,37,Benzín,0,Manuální,Pohon předních kol
Škoda,Octavia,24900,1997,Ojeté,221300,92,Benzín,0,Manuální,Pohon předních kol
Peugeot,307,24990,2003,Ojeté,219971,80,Benzín,0,Manuální,Pohon předních kol
Ford,Mondeo,24990,2004,Ojeté,191250,96,Benzín,0,Manuální,Pohon předních kol
Peugeot,307,24900,2002,Ojeté,202000,79,Nafta,0,Manuální,Pohon předních kol
Renault,Scénic,24990,2000,Ojeté,205600,72,Nafta,0,Manuální,Pohon předních kol
Toyota,Avensis,24990,2004,Ojeté,381000,85,Nafta,0,Manuální,Pohon předních kol
Fiat,Stilo,24900,2003,Ojeté,186500,85,Nafta,0,Manuální,Pohon předních kol
Škoda,Fabia,24999,2001,Ojeté,419778,74,Nafta,0,Manuální,
Renault,Clio,24990,2001,Ojeté,199000,55,Benzín,0,Manuální,
Škoda,Octavia,24999,2002,Ojeté,248845,85,Benzín,0,Manuální,
Mercedes-Benz,Třídy A,24999,2007,Ojeté,224805,85,Benzín,0,Manuální,
Ford,Fiesta,24990,2005,Ojeté,221136,44,Benzín,0,Manuální,
Škoda,Fabia,24900,2002,Ojeté,341000,55,Benzín,0,Manuální,Pohon předních kol
Opel,Corsa,24900,2008,Ojeté,293000,59,Benzín,0,Manuální,
Seat,Ibiza,24900,2005,Ojeté,280000,55,Nafta,0,Manuální,Pohon předních kol
Citroën,C5,24900,2001,Ojeté,161400,100,Benzín,0,Manuální,Pohon předních kol
Volkswagen,Polo,24999,2004,Ojeté,141865,40,Benzín,0,Manuální,
Renault,Mégane,24900,2005,Ojeté,335000,83,Benzín,0,Manuální,
Ford,Tourneo Connect,819775,2026,Nové,15,85,Benzín,0,Automatická,Pohon předních kol
Citroën,Xsara,24900,2004,Ojeté,83200,80,Benzín,0,Manuální,Pohon předních kol
Škoda,Felicia,24999,1997,Ojeté,153000,50,Benzín,0,Manuální,Pohon předních kol
Citroën,Xsara Picasso,25000,2006,Ojeté,228337,80,Nafta,0,Manuální,
Peugeot,406,25000,2004,Ojeté,253219,80,Nafta,0,Manuální,Pohon předních kol
Peugeot,2008,430000,2022,Ojeté,57513,100,Elektro,50,Automatická,
Peugeot,307,25000,2003,Ojeté,313890,80,Benzín,0,Manuální,Pohon předních kol
Škoda,Octavia,25000,1999,Ojeté,247000,81,Nafta,0,Manuální,Pohon předních kol
Škoda,Octavia,25000,1998,Ojeté,53904,55,Benzín,0,Manuální,Pohon předních kol
Ford,Fusion,25000,2003,Ojeté,198111,59,Benzín,0,Manuální,
Renault,Thalia,25000,2012,Ojeté,277381,55,Benzín,0,Manuální,Pohon předních kol
Škoda,Octavia,25000,1999,Ojeté,130000,110,Benzín,0,Manuální,Pohon předních kol
Škoda,Fabia,25000,2002,Ojeté,88251,44,Benzín,0,Manuální,Pohon předních kol
Volkswagen,Sharan,25000,2007,Ojeté,232244,85,Benzín,0,Manuální,
Peugeot,307,25000,2006,Ojeté,307330,80,LPG + benzín,0,Manuální,Pohon předních kol
Nissan,Micra,25000,2004,Ojeté,148375,48,Benzín,0,Manuální,Pohon předních kol
Škoda,Octavia,25000,2008,Ojeté,385615,74,Nafta,0,Manuální,Pohon předních kol
Toyota,Aygo,25000,2008,Ojeté,183000,50,Benzín,0,Manuální,Pohon předních kol
Peugeot,407,25000,2006,Ojeté,401823,125,Nafta,0,Manuální,
Mercedes-Benz,Třídy E,999000,2020,Ojeté,59860,243,Nafta,0,Automatická,4x4
Ford,Focus,25000,2004,Ojeté,216650,85,Benzín,0,Manuální,
Hyundai,Getz,25000,2002,Ojeté,103115,46,Benzín,0,Manuální,Pohon předních kol
Škoda,Fabia,25000,2006,Ojeté,201586,47,Benzín,0,Manuální,Pohon předních kol
Škoda,Superb,25000,2004,Ojeté,350000,,Nafta,0,Manuální,
Renault,Thalia,25000,2008,Ojeté,149160,55,Benzín,0,Manuální,Pohon předních kol
Ford,Focus,25000,2007,Ojeté,233530,80,Nafta,0,Manuální,
Peugeot,206,25000,2000,Ojeté,265250,66,Nafta,0,Manuální,Pohon předních kol
Opel,Astra,25000,2001,Ojeté,76073,55,Benzín,0,Manuální,Pohon předních kol
Volkswagen,Polo,25000,2003,Ojeté,198459,55,Benzín,0,Manuální,
Citroën,C3,25000,2004,Ojeté,279968,50,Nafta,0,Manuální,
Seat,Arosa,25000,1997,Ojeté,162000,37,Benzín,0,Manuální,Pohon předních kol
Škoda,Fabia,25000,2003,Ojeté,261505,55,Benzín,0,Manuální,
Opel,Astra,25000,2008,Ojeté,285378,74,Nafta,0,Manuální,
Peugeot,407,25000,2006,Ojeté,279123,92,Benzín,0,Manuální,
Peugeot,307,25000,2003,Ojeté,292000,65,Benzín,0,Manuální,Pohon předních kol
Škoda,Fabia,25000,2003,Ojeté,242530,40,Benzín,0,Manuální,Pohon předních kol
Opel,Corsa,25000,2001,Ojeté,83800,43,Benzín,0,Manuální,Pohon předních kol
Renault,Thalia,25000,2010,Ojeté,182111,55,Benzín,0,Manuální,Pohon předních kol
Mercedes-Benz,Třídy V,25000,1997,Ojeté,428000,105,LPG + benzín,0,Automatická,Pohon předních kol
Citroën,Xsara,25000,2000,Ojeté,165250,55,Benzín,0,Manuální,Pohon předních kol
Volkswagen,Golf,25000,2004,Ojeté,263407,66,Benzín,0,Manuální,
Audi,A2,25000,2001,Ojeté,230674,55,Benzín,0,Manuální,Pohon předních kol
Ford,Fiesta,25000,2003,Ojeté,240560,59,Benzín,0,Manuální,
Citroën,C3,25000,2008,Ojeté,168780,54,Benzín,0,Manuální,Pohon předních kol
Škoda,Fabia,25000,2006,Ojeté,311823,55,Benzín,0,Manuální,Pohon předních kol
Volvo,XC60,1339000,2024,Ojeté,23728,335,Hybridní,0,Automatická,4x4
Toyota,Yaris,25000,1999,Ojeté,221000,50,Benzín,0,Manuální,Pohon předních kol
Volkswagen,ID.4,904000,2024,Ojeté,50732,70,Elektro,0,Automatická,Pohon předních kol
Ford,C-MAX,25000,2004,Ojeté,244700,80,Nafta,0,Manuální,Pohon předních kol
Škoda,Forman,25000,1994,Ojeté,130000,,Benzín,0,Manuální,Pohon předních kol
Renault,Mégane,25000,2004,Ojeté,253306,60,Nafta,0,Manuální,Pohon předních kol
Opel,Corsa,25000,2006,Ojeté,171000,44,Benzín,0,Manuální,Pohon předních kol
Ford,Focus,25000,2003,Ojeté,201003,74,Nafta,0,Manuální,Pohon předních kol
Ford,C-MAX,25000,2004,Ojeté,279535,100,Nafta,0,Manuální,
Volkswagen,Passat,25000,1997,Ojeté,276000,81,Nafta,0,Manuální,Pohon předních kol
Kia,Picanto,25000,2005,Ojeté,179000,48,Benzín,0,Manuální,Pohon předních kol
Volkswagen,Golf,25000,2005,Ojeté,278069,85,Benzín,0,,Pohon předních kol
Škoda,Fabia,25000,2002,Ojeté,157000,44,Benzín,0,Manuální,Pohon předních kol
Volkswagen,Passat,25000,1998,Ojeté,367000,81,Nafta,0,Manuální,Pohon předních kol
Smart,Fortwo,25000,2002,Ojeté,124200,40,Benzín,0,Automatická,Pohon zadních kol
Citroën,Xsara Picasso,25000,2005,Ojeté,234000,80,Nafta,0,Manuální,Pohon předních kol
Chevrolet,Aveo,25000,2009,Ojeté,136000,62,Benzín,0,Manuální,Pohon předních kol
Renault,Thalia,25000,2003,Ojeté,275772,55,Benzín,0,Manuální,Pohon předních kol
Škoda,Favorit,25000,1993,Ojeté,128000,40,Benzín,0,Manuální,Pohon předních kol
Volkswagen,Passat,25000,1998,Ojeté,229000,92,Benzín,0,Manuální,Pohon předních kol
Audi,A4 Avant,25000,2001,Ojeté,414600,85,Nafta,0,Manuální,
Mercedes-Benz,Třídy C,25000,2000,Ojeté,250000,95,Benzín,0,Manuální,
Toyota,Yaris,25900,2003,Ojeté,184500,50,Benzín,0,Manuální,Pohon předních kol
Daihatsu,Cuore,25500,2001,Ojeté,246495,41,Benzín,0,,Pohon předních kol
Peugeot,2008,430000,2021,Ojeté,40422,100,Elektro,50,Automatická,
Mercedes-Benz,Třídy A,25000,1999,Ojeté,198918,75,Benzín,0,,Pohon předních kol
Chevrolet,Aveo,26000,2009,Ojeté,124000,62,Benzín,0,Manuální,
Renault,Laguna,25000,2005,Ojeté,303460,74,Nafta,0,Manuální,Pohon předních kol
Suzuki,Swift,25000,2005,Ojeté,189300,68,Benzín,0,Manuální,Pohon předních kol
Citroën,C5,25000,2007,Ojeté,249000,80,Nafta,0,Manuální,
Škoda,Fabia,26000,2000,Ojeté,147144,44,Benzín,0,Manuální,
Peugeot,206,25000,2002,Ojeté,146000,50,Nafta,0,Manuální,Pohon předních kol
Peugeot,307,25900,2002,Ojeté,174863,80,Benzín,0,Manuální,Pohon předních kol
Volkswagen,Golf,25000,2003,Ojeté,226451,55,Benzín,0,Manuální,
Volkswagen,Touran,25900,2005,Ojeté,312667,85,Benzín,0,Manuální,Pohon předních kol
Hyundai,Atos,26000,2006,Ojeté,119150,46,Benzín,0,Manuální,Pohon předních kol
Škoda,Superb,25000,2004,Ojeté,352313,120,Nafta,0,Automatická,Pohon předních kol
Renault,Vel Satis,26000,2002,Ojeté,262000,120,Benzín,0,Manuální,
Peugeot,607,25900,2001,Ojeté,431343,98,Nafta,0,Manuální,Pohon předních kol
Renault,Thalia,26000,2004,Ojeté,230860,55,Benzín,0,Manuální,Pohon předních kol
Mazda,5,26000,2005,Ojeté,268900,107,Benzín,0,Manuální,
Ford,Fiesta,25900,2008,Ojeté,290000,50,Nafta,0,Manuální,
Fiat,Punto,25990,2004,Ojeté,161118,44,Benzín,0,Manuální,Pohon předních kol
Škoda,Fabia,26990,2001,Ojeté,131155,50,Benzín,0,Manuální,Pohon předních kol
Škoda,Octavia,27000,1997,Ojeté,278196,74,Benzín,0,Manuální,
Volkswagen,Golf Plus,26800,2006,Ojeté,182200,103,Nafta,0,Manuální,
Volkswagen,Polo,26000,2003,Ojeté,284412,40,Benzín,0,Manuální,Pohon předních kol
Chevrolet,Nubira,27000,2006,Ojeté,155000,80,Benzín,0,,
Peugeot,206,27000,2004,Ojeté,145000,50,Nafta,0,Manuální,
Citroën,C3,26000,2002,Ojeté,182000,44,Benzín,0,Manuální,Pohon předních kol
Škoda,Fabia,26990,2003,Ojeté,204000,,Benzín,0,,
Smart,Fortwo,26000,2000,Ojeté,201000,40,Benzín,0,Poloautomatická,Pohon zadních kol
Škoda,Fabia,27000,2001,Ojeté,265700,50,Benzín,0,Manuální,Pohon předních kol
Mercedes-Benz,Třídy A,26900,2005,Ojeté,194000,60,Nafta,0,Manuální,Pohon předních kol
Renault,Scénic,26000,2002,Ojeté,185600,75,Nafta,0,Manuální,
Mercedes-Benz,Vaneo,27000,2001,Ojeté,287806,67,Nafta,0,Manuální,Pohon předních kol
Škoda,120,26000,1986,Ojeté,38400,37,Benzín,0,Manuální,Pohon zadních kol
Volkswagen,Lupo,26000,2001,Ojeté,188064,37,Benzín,0,Manuální,Pohon předních kol
Dacia,Logan,27000,2006,Ojeté,103000,50,Nafta,0,Manuální,Pohon předních kol
Peugeot,407,27000,2004,Ojeté,215000,100,Nafta,0,Manuální,Pohon předních kol
Audi,A4,26000,1996,Ojeté,303171,74,Benzín,0,Manuální,Pohon předních kol
Kia,Picanto,27000,2009,Ojeté,168464,45,Benzín,0,Manuální,Pohon předních kol
Citroën,C3,27000,2007,Ojeté,116000,54,Benzín,0,,
Škoda,Fabia,27900,2005,Ojeté,408785,47,Benzín,0,Manuální,Pohon předních kol
Dacia,Sandero,27000,2009,Ojeté,186942,55,Benzín,0,Manuální,Pohon předních kol
Škoda,Fabia,27900,2002,Ojeté,293000,55,Benzín,0,Manuální,
Ford,Focus,27900,2011,Ojeté,177880,80,Nafta,0,Manuální,Pohon předních kol
Renault,Mégane,27000,2002,Ojeté,240666,75,Nafta,0,Manuální,Pohon předních kol
Volkswagen,New Beetle,28000,1998,Ojeté,177962,85,Benzín,0,Manuální,Pohon předních kol
Chrysler,PT Cruiser,27000,2002,Ojeté,207000,89,Nafta,0,Manuální,
Peugeot,407,28000,2005,Ojeté,345360,100,Nafta,0,Manuální,Pohon předních kol
Honda,Jazz,28000,2005,Ojeté,156342,57,Benzín,0,Manuální,Pohon předních kol
Volkswagen,Golf,27900,2003,Ojeté,205000,55,Benzín,0,Manuální,Pohon předních kol
Škoda,Fabia,27900,2005,Ojeté,246000,40,Benzín,0,,
Škoda,Fabia,27900,2005,Ojeté,169529,47,Benzín,0,Manuální,Pohon předních kol
Fiat,Linea,27800,2007,Ojeté,182000,88,Benzín,0,Manuální,
Citroën,C4,28000,2005,Ojeté,268000,80,Benzín,0,Manuální,Pohon předních kol
Citroën,C3,27900,2006,Ojeté,121148,44,Benzín,0,Manuální,Pohon předních kol
Škoda,Octavia,28000,2000,Ojeté,130851,66,Nafta,0,Manuální,Pohon předních kol
Škoda,Fabia,28000,2005,Ojeté,169149,47,Benzín,0,Manuální,Pohon předních kol
Škoda,Superb,28000,2009,Ojeté,333712,118,Benzín,0,Manuální,Pohon předních kol
Peugeot,206,28000,2009,Ojeté,205813,55,Benzín,0,Manuální,Pohon předních kol
Mazda,3,28000,2007,Ojeté,233000,80,Nafta,0,Manuální,
Kia,Rio,28900,2006,Ojeté,243703,71,Benzín,0,Manuální,Pohon předních kol
Ford,C-MAX,28000,2007,Ojeté,301000,92,Benzín,0,Manuální,
Peugeot,206,28000,2003,Ojeté,174630,55,Benzín,0,Manuální,Pohon předních kol
Volkswagen,Passat,28999,1997,Ojeté,233974,74,Benzín,0,Manuální,
Škoda,Felicia,28500,1996,Ojeté,230000,55,Benzín,0,Manuální,Pohon předních kol
Ford,Focus,28001,2005,Ojeté,222000,74,Benzín,0,Manuální,Pohon předních kol
Mercedes-Benz,Třídy A,28000,1998,Ojeté,337600,66,Nafta,0,Manuální,Pohon předních kol
Nissan,Micra,28800,2006,Ojeté,96000,48,Benzín,0,Manuální,
Škoda,Fabia,28000,2003,Ojeté,163261,55,Benzín,0,Manuální,Pohon předních kol
Volkswagen,Polo,28000,2004,Ojeté,279078,40,LPG + benzín,0,Manuální,Pohon předních kol
Kia,Picanto,28900,2005,Ojeté,153000,44,Benzín,0,,Pohon předních kol
Ford,Fiesta,28800,2007,Ojeté,146460,51,Benzín,0,Manuální,Pohon předních kol
Audi,A3,28800,2002,Ojeté,155000,75,Benzín,0,Manuální,
Škoda,Roomster,28000,2009,Ojeté,307810,51,Benzín,0,Manuální,Pohon předních kol
Ford,Mustang,1543638,2026,Nové,10,328,Benzín,0,Automatická,Pohon zadních kol
Škoda,Fabia,28999,2007,Ojeté,332000,59,Nafta,0,Manuální,Pohon předních kol
Mercedes-Benz,Vaneo,28000,2003,Ojeté,264998,67,Nafta,0,Automatická,Pohon předních kol
Ford,Fiesta,28000,2005,Ojeté,172457,51,Benzín,0,Manuální,
Peugeot,107,28900,2006,Ojeté,140205,50,Benzín,0,Manuální,Pohon předních kol
Škoda,Fabia,28000,2001,Ojeté,246461,50,Benzín,0,Manuální,Pohon předních kol
Opel,Agila,28000,2002,Ojeté,149125,43,Benzín,0,Manuální,
Alfa Romeo,GT,29000,2005,Ojeté,293123,110,Nafta,0,Manuální,Pohon předních kol
Chrysler,Voyager,29000,2002,Ojeté,388160,105,Nafta,0,Manuální,Pohon předních kol
Škoda,Octavia,29000,2005,Ojeté,250752,77,Nafta,0,Manuální,Pohon předních kol
Citroën,C3,29000,2007,Ojeté,157959,54,Benzín,0,Manuální,Pohon předních kol
Škoda,Fabia,29000,2003,Ojeté,188058,44,Benzín,0,Manuální,Pohon předních kol
Volkswagen,Polo,29000,1999,Ojeté,158974,37,Benzín,0,Manuální,Pohon předních kol
Peugeot,Partner,29000,2006,Ojeté,360000,,Nafta,0,Manuální,Pohon předních kol
Peugeot,407,29000,2005,Ojeté,237608,80,Nafta,0,Manuální,Pohon předních kol
Ford,Focus,29000,2005,Ojeté,280937,100,Nafta,0,Manuální,Pohon předních kol
Toyota,Avensis,29000,2004,Ojeté,332633,85,Nafta,0,Manuální,Pohon předních kol
Peugeot,307,29000,2005,Ojeté,257091,66,Nafta,0,Manuální,Pohon předních kol
Chevrolet,Kalos,29000,2005,Ojeté,119000,69,Benzín,0,Manuální,
Renault,Mégane,29000,2008,Ojeté,206753,82,Benzín,0,Manuální,Pohon předních kol
Volkswagen,Golf Variant,29000,2000,Ojeté,247714,74,Nafta,0,Manuální,Pohon předních kol
Škoda,Octavia,29000,2000,Ojeté,241758,74,Benzín,0,Manuální,Pohon předních kol
Opel,Kadett,29000,1987,Ojeté,114000,44,Benzín,0,Manuální,Pohon předních kol
Citroën,C4,29000,2005,Ojeté,183000,65,Benzín,0,Automatická,Pohon předních kol
Seat,Cordoba,29000,2003,Ojeté,116330,55,Benzín,0,Manuální,Pohon předních kol
Citroën,C4,29000,2009,Ojeté,166259,65,Benzín,0,Manuální,Pohon předních kol
BMW,Řada 1,29000,2006,Ojeté,299000,85,Benzín,0,Manuální,Pohon předních kol
Kia,Rio,29000,2008,Ojeté,182000,81,Nafta,0,Manuální,
Mercedes-Benz,Třídy C,29000,2002,Ojeté,428000,105,Nafta,0,Automatická,Pohon zadních kol
Kia,XCee´d,680000,2025,Předváděcí,10,104,Hybridní,0,Automatická,
Peugeot,306,29000,2001,Ojeté,258000,72,Benzín,0,Manuální,Pohon předních kol
Fiat,Punto,29000,2004,Ojeté,182030,51,Nafta,0,Manuální,
Škoda,Fabia,29000,2005,Ojeté,380565,47,Nafta,0,Manuální,
Škoda,Fabia,29000,2006,Ojeté,213062,40,Benzín,0,Manuální,Pohon předních kol
Peugeot,407,29000,2006,Ojeté,181000,92,Benzín,0,Manuální,
Volkswagen,Passat,29000,2002,Ojeté,312500,85,Benzín,0,Manuální,
Škoda,Fabia,29000,2003,Ojeté,112232,55,Benzín,0,Manuální,Pohon předních kol
Škoda,Octavia,29000,2002,Ojeté,250763,75,Benzín,0,Manuální,Pohon předních kol
Opel,Vectra,29000,2004,Ojeté,235000,92,Nafta,0,Manuální,Pohon předních kol
Mazda,626,29000,2000,Ojeté,252000,85,Benzín,0,Manuální,
Fiat,Brava,29000,2001,Ojeté,72000,60,Benzín,0,Manuální,
Seat,Cordoba,29000,2004,Ojeté,207000,47,Benzín,0,Manuální,
Kia,Cee´d,29000,2008,Ojeté,332800,103,Nafta,0,Manuální,Pohon předních kol
Saab,9-5,29000,2001,Ojeté,275000,136,Benzín,0,Automatická,Pohon předních kol
Renault,Mégane,29000,2003,Ojeté,207000,72,Benzín,0,Manuální,Pohon předních kol
Ford,C-MAX,29000,2005,Ojeté,305000,85,Nafta,0,Manuální,Pohon předních kol
Škoda,Fabia,29000,1999,Ojeté,223486,74,Benzín,0,Manuální,Pohon předních kol
Mazda,6,29000,2004,Ojeté,228000,100,Nafta,0,Manuální,
Volkswagen,Passat,29000,2000,Ojeté,314500,85,Nafta,0,Manuální,Pohon předních kol
Renault,Thalia,29000,2002,Ojeté,219000,48,Nafta,0,Manuální,
Ford,Mondeo,29000,2005,Ojeté,329000,92,Benzín,0,Manuální,Pohon předních kol
Ford,Kuga,710900,2026,Nové,14,137,Benzín,0,Automatická,Pohon předních kol
Škoda,Fabia,29000,2008,Ojeté,196859,44,Benzín,0,Manuální,Pohon předních kol
Volkswagen,Passat,29000,2002,Ojeté,354000,96,Nafta,0,Manuální,
Fiat,Multipla,29000,2006,Ojeté,396500,88,Nafta,0,Manuální,Pohon předních kol
Chevrolet,Cruze,29000,2012,Ojeté,169188,104,Benzín,0,Manuální,Pohon předních kol
Opel,Vectra,29000,2002,Ojeté,160167,108,Benzín,0,Manuální,Pohon předních kol
Nissan,Micra,29000,2003,Ojeté,199860,60,Nafta,0,Manuální,
Hyundai,Getz,29000,2006,Ojeté,177340,71,Benzín,0,Manuální,
Renault,Modus,29000,2005,Ojeté,236000,65,Benzín,0,Manuální,Pohon předních kol
Ford,Mondeo,29000,2003,Ojeté,162065,107,Benzín,0,Manuální,Pohon předních kol
Subaru,Outback,29000,2008,Ojeté,244000,110,Nafta,0,Manuální,4x4
Renault,Modus,29000,2005,Ojeté,164600,55,Benzín,0,Manuální,Pohon předních kol
Mazda,3,29000,2005,Ojeté,229500,66,Nafta,0,Manuální,Pohon předních kol
Land Rover,Range Rover Evoque,1249000,2025,Ojeté,9598,150,Nafta,0,Automatická,4x4
Hyundai,Getz,29000,2007,Ojeté,195350,48,Benzín,0,Manuální,Pohon předních kol
Peugeot,206,29000,2005,Ojeté,199500,50,Nafta,0,Manuální,Pohon předních kol
Škoda,Favorit,29000,1990,Ojeté,128052,43,Benzín,0,Manuální,Pohon předních kol
Škoda,Favorit,29000,1993,Ojeté,84038,43,Benzín,0,Manuální,Pohon předních kol
Opel,Meriva,29000,2005,Ojeté,215000,66,Benzín,0,Manuální,
Volkswagen,Polo,29900,2005,Ojeté,207403,40,Benzín,0,Manuální,Pohon předních kol
Peugeot,206,29900,2002,Ojeté,98000,44,Benzín,0,Manuální,Pohon předních kol
Ford,C-MAX,29900,2007,Ojeté,357450,66,Nafta,0,Manuální,Pohon předních kol
Citroën,C3,29800,2006,Ojeté,262000,50,Nafta,0,Manuální,
Peugeot,308,29900,2008,Ojeté,269000,88,Benzín,0,Manuální,Pohon předních kol
Volvo,EX90,2019000,2026,Nové,0,245,Elektro,0,Automatická,Pohon zadních kol
Mini,Cooper,29900,2004,Ojeté,258016,85,Benzín,0,Manuální,
Peugeot,207,29900,2008,Ojeté,124300,54,Benzín,0,Manuální,Pohon předních kol
Mitsubishi,Space Star,29900,2002,Ojeté,153000,60,Benzín,0,Manuální,Pohon předních kol
Ford,Fiesta,29900,2008,Ojeté,185000,51,Benzín,0,Manuální,Pohon předních kol
Škoda,Fabia,29900,2003,Ojeté,218758,55,Nafta,0,Manuální,Pohon předních kol
Škoda,Fabia,29900,2010,Ojeté,224000,63,Benzín,0,Manuální,Pohon předních kol
Citroën,C3,29900,2002,Ojeté,137891,44,Benzín,0,Manuální,Pohon předních kol
Ford,Focus,29900,2003,Ojeté,208000,74,Benzín,0,Manuální,Pohon předních kol
Škoda,Octavia,29900,2001,Ojeté,486000,66,Nafta,0,Manuální,Pohon předních kol
Škoda,Fabia,29900,2003,Ojeté,181001,47,Benzín,0,Manuální,Pohon předních kol
Hyundai,Accent,29500,2005,Ojeté,81427,63,Benzín,0,Manuální,Pohon předních kol
Peugeot,206,29900,2001,Ojeté,241833,55,Benzín,0,Manuální,Pohon předních kol
Škoda,Fabia,29900,2004,Ojeté,147001,40,Benzín,0,Manuální,Pohon předních kol
Škoda,Octavia,29900,2002,Ojeté,251632,75,Benzín,0,Manuální,
Land Rover,Discovery,2199000,2025,Ojeté,9921,257,Nafta,0,Automatická,4x4
Peugeot,206,29900,2000,Ojeté,245771,66,Nafta,0,Manuální,Pohon předních kol
Hyundai,Elantra,29900,2004,Ojeté,137011,77,Benzín,0,Manuální,Pohon předních kol
Renault,Thalia,29900,2009,Ojeté,98000,55,Benzín,0,Manuální,Pohon předních kol
Škoda,Fabia,29900,2008,Ojeté,285553,51,Benzín,0,Manuální,Pohon předních kol
Opel,Meriva,29900,2004,Ojeté,275057,74,Benzín,0,Automatická,Pohon předních kol
Škoda,Octavia,29900,2000,Ojeté,257590,110,Benzín,0,Manuální,
Honda,Civic,29900,2007,Ojeté,369300,103,Benzín,0,Automatická,Pohon předních kol
Škoda,Fabia,29900,2003,Ojeté,303000,55,Benzín,0,Manuální,Pohon předních kol
Škoda,Fabia,29900,2001,Ojeté,235481,44,Benzín,0,Manuální,Pohon předních kol
Škoda,Octavia,29900,1997,Ojeté,146000,74,Benzín,0,Manuální,Pohon předních kol
Volkswagen,Polo,29900,2003,Ojeté,160274,43,Benzín,0,Manuální,Pohon předních kol
Hyundai,Getz,29900,2007,Ojeté,84050,48,Benzín,0,Manuální,Pohon předních kol
Renault,Clio,29900,2002,Ojeté,195374,72,Benzín,0,Manuální,
Volkswagen,Polo,29900,2003,Ojeté,189377,55,Benzín,0,Manuální,Pohon předních kol
Land Rover,Defender,2669000,2025,Nové,0,257,Nafta,0,Automatická,4x4
Citroën,C5,29900,2005,Ojeté,419200,100,Nafta,0,Manuální,Pohon předních kol
Fiat,Panda,29900,2009,Ojeté,197392,44,Benzín,0,Manuální,
Volkswagen,Golf,564000,2021,Ojeté,101197,147,Nafta,0,Automatická,4x4
Hyundai,Accent,29900,2005,Ojeté,123779,63,Benzín,0,Manuální,
Opel,Astra,29900,1999,Ojeté,136000,85,Benzín,0,Automatická,Pohon předních kol
Ford,Fusion,29900,2005,Ojeté,182000,59,Benzín,0,Manuální,Pohon předních kol
Peugeot,Partner,29900,2003,Ojeté,272530,51,Nafta,0,Manuální,
Škoda,Fabia,29900,2003,Ojeté,82000,40,Benzín,0,Manuální,
Škoda,Fabia,29900,2001,Ojeté,189000,44,Benzín,0,Manuální,
Volkswagen,Polo,29900,2002,Ojeté,176000,47,Benzín,0,Manuální,Pohon předních kol
Renault,Clio,29900,2007,Ojeté,296563,50,Nafta,0,Manuální,
Fiat,Grande Punto,29900,2006,Ojeté,264967,48,Benzín,0,Manuální,Pohon předních kol
Ford,Tourneo Connect,29900,2008,Ojeté,400943,66,Nafta,0,Manuální,Pohon předních kol
Peugeot,206,29900,2003,Ojeté,152914,50,Nafta,0,Manuální,Pohon předních kol
Volkswagen,Polo,29900,2003,Ojeté,206636,47,Benzín,0,Manuální,Pohon předních kol
Mercedes-Benz,Třídy A,29900,2001,Ojeté,130325,60,Benzín,0,Manuální,
Peugeot,307,29900,2002,Ojeté,246712,100,Benzín,0,Manuální,Pohon předních kol
Renault,Scénic,29900,2005,Ojeté,259000,83,Benzín,0,Manuální,Pohon předních kol
Volvo,,1299000,2025,Ojeté,6000,175,Elektro,0,Automatická,Pohon zadních kol
Škoda,Fabia,29900,2000,Ojeté,232000,44,Benzín,0,Manuální,
Citroën,C5,29900,2005,Ojeté,269117,100,Nafta,0,Manuální,Pohon předních kol
Škoda,Octavia,29900,2002,Ojeté,161001,55,Benzín,0,Manuální,Pohon předních kol
Renault,Clio,29900,2007,Ojeté,305791,63,Nafta,0,Manuální,Pohon předních kol
Opel,Zafira,29900,2003,Ojeté,304000,74,Nafta,0,Automatická,Pohon předních kol
Suzuki,Ignis,29900,2005,Ojeté,182472,69,Benzín,0,Manuální,Pohon předních kol
Ford,Focus,29900,2011,Ojeté,275000,74,Benzín,0,Manuální,Pohon předních kol
Citroën,Xsara Picasso,29900,2005,Ojeté,238732,70,Benzín,0,Manuální,Pohon předních kol
Mercedes-Benz,Třídy S,1299000,2019,Ojeté,72613,210,Nafta,0,Automatická,4x4
Volkswagen,Polo,29900,1996,Ojeté,86542,33,Benzín,0,Manuální,Pohon předních kol
Škoda,Fabia,29900,2001,Ojeté,189000,55,Benzín,0,Manuální,Pohon předních kol
Fiat,Stilo,29900,2006,Ojeté,248000,70,Benzín,0,Manuální,Pohon předních kol
Hyundai,Getz,29990,2007,Ojeté,176000,49,Benzín,0,Manuální,
BMW,Řada 3,29900,1989,Ojeté,235000,83,Benzín,0,Manuální,Pohon předních kol
Škoda,Fabia,29900,2002,Ojeté,171397,74,Benzín,0,Manuální,
Lancia,Lybra,29990,2002,Ojeté,243000,85,Nafta,0,Manuální,
Škoda,Octavia,29990,2002,Ojeté,461300,50,Nafta,0,Manuální,Pohon předních kol
Volkswagen,Golf,29990,1999,Ojeté,332000,66,Nafta,0,Manuální,Pohon předních kol
Citroën,Xsara Picasso,29990,2002,Ojeté,198000,,Nafta,0,Manuální,
Fiat,Punto,29990,2009,Ojeté,224000,48,Benzín,0,Manuální,
Škoda,Fabia,29990,2008,Ojeté,327821,59,Nafta,0,Manuální,Pohon předních kol
Renault,Thalia,29900,2002,Ojeté,163600,55,Benzín,0,Manuální,
Škoda,Fabia,29900,2001,Ojeté,281000,55,Benzín,0,Manuální,Pohon předních kol
Mercedes-Benz,Třídy A,29990,2002,Ojeté,239000,92,Benzín,0,Manuální,
Audi,A4,29900,2002,Ojeté,210000,125,Benzín,0,Automatická,
Ford,Mondeo,29900,2005,Ojeté,279900,107,Benzín,0,Manuální,
Škoda,Fabia,29990,2006,Ojeté,138516,47,Benzín,0,Manuální,Pohon předních kol
Renault,Mégane,29900,2002,Ojeté,171000,72,Benzín,0,Manuální,Pohon předních kol
Ford,Fusion,29990,2008,Ojeté,283000,59,LPG + benzín,0,Manuální,Pohon předních kol
Volvo,XC60,1199000,2026,Nové,0,184,Benzín,0,Automatická,4x4
Renault,Laguna,29900,2007,Ojeté,246000,96,Nafta,0,Manuální,
Volkswagen,Golf,29990,2004,Ojeté,229619,55,Benzín,0,Manuální,Pohon předních kol
Škoda,Fabia,29999,2001,Ojeté,247974,44,Benzín,0,Manuální,Pohon předních kol
Renault,Mégane,29999,2003,Ojeté,175220,83,Benzín,0,Manuální,Pohon předních kol
Citroën,C4,29999,2008,Ojeté,239267,65,Benzín,0,Manuální,Pohon předních kol
Ford,Explorer,890107,2026,Nové,15,125,Elektro,52,Automatická,Pohon zadních kol
Hyundai,Santa Fe,29999,2007,Ojeté,255000,114,Nafta,0,Automatická,4x4
Volkswagen,Bora,29999,2001,Ojeté,251783,66,Nafta,0,Manuální,
Nissan,Almera,29999,2000,Ojeté,86966,66,Benzín,0,Manuální,
Citroën,C2,29990,2004,Ojeté,165986,50,Nafta,0,Manuální,Pohon předních kol
Renault,Clio,29999,2005,Ojeté,96349,55,Benzín,0,Manuální,
Volkswagen,Polo,29999,2001,Ojeté,121500,47,Benzín,0,Manuální,Pohon předních kol
Opel,Zafira,29999,2009,Ojeté,290258,103,LPG + benzín,0,Manuální,
Chrysler,PT Cruiser,29999,2002,Ojeté,136000,104,Benzín,0,Manuální,Pohon předních kol
Škoda,Octavia,29999,2004,Ojeté,245000,75,Benzín,0,Manuální,Pohon předních kol
Peugeot,307,29999,2005,Ojeté,318000,66,Nafta,0,Manuální,Pohon předních kol
Ford,Focus,29999,2007,Ojeté,159487,74,Benzín,0,Manuální,
Audi,80,29999,1992,Ojeté,169152,66,Benzín,0,Manuální,
Ford,Mondeo,29999,2004,Ojeté,280099,96,Nafta,0,Manuální,
Škoda,Fabia,29999,2004,Ojeté,180923,47,Benzín,0,Manuální,Pohon předních kol
Hyundai,Matrix,29999,2007,Ojeté,277000,76,Benzín,0,Manuální,
Volkswagen,Polo,29999,2002,Ojeté,126500,40,Benzín,0,Manuální,Pohon předních kol
Fiat,Punto,29999,2009,Ojeté,130820,44,Benzín,0,Manuální,Pohon předních kol
Renault,Mégane,29999,2008,Ojeté,279000,82,Benzín,0,Manuální,Pohon předních kol
Chrysler,PT Cruiser,29999,2006,Ojeté,215000,110,Nafta,0,Manuální,Pohon předních kol
Ford,Focus,29999,2005,Ojeté,213778,85,Benzín,0,Manuální,Pohon předních kol
Škoda,Octavia,29999,2001,Ojeté,211658,55,Benzín,0,Manuální,
Kia,EV4,1344980,2026,Nové,1,150,Elektro,0,Automatická,
Škoda,Fabia,29999,2004,Ojeté,229000,0,Benzín,0,Manuální,Pohon předních kol
Seat,Ibiza,29999,2006,Ojeté,232044,51,Nafta,0,Manuální,Pohon předních kol
Ford,Tourneo Custom,1520000,2026,Nové,43,125,Nafta,0,Automatická,Pohon předních kol
Seat,Cordoba,29999,1999,Ojeté,200475,55,Benzín,0,Manuální,
Hyundai,i20,29999,2011,Ojeté,67758,57,Benzín,0,Manuální,Pohon předních kol
Peugeot,207,29999,2006,Ojeté,137400,80,Benzín,0,Manuální,
Škoda,Octavia,29999,2006,Ojeté,420000,77,Nafta,0,Manuální,Pohon předních kol
Toyota,Avensis,29999,2007,Ojeté,231347,130,Nafta,0,Manuální,Pohon předních kol
Peugeot,307,29999,2004,Ojeté,196000,100,Nafta,0,Manuální,Pohon předních kol
Fiat,Punto,29999,2004,Ojeté,105000,44,Benzín,0,Manuální,Pohon předních kol
Mercedes-Benz,Třídy A,29999,2010,Ojeté,236000,70,Benzín,0,Manuální,Pohon předních kol
Audi,A6 Avant,29999,2008,Ojeté,345000,171,Nafta,0,,
Renault,Laguna,29999,2004,Ojeté,230114,74,Nafta,0,Manuální,
Mazda,2,29999,2006,Ojeté,201396,55,Benzín,0,Manuální,
Volkswagen,Bora,29999,2002,Ojeté,232620,55,Benzín,0,Manuální,Pohon předních kol
Škoda,Octavia,29999,2005,Ojeté,390850,75,Benzín,0,Manuální,Pohon předních kol
Škoda,Fabia,29999,2010,Ojeté,147122,44,Benzín,0,Manuální,
Opel,Zafira,30000,2007,Ojeté,297712,88,Nafta,0,Manuální,Pohon předních kol
Chrysler,Grand Voyager,30000,2006,Ojeté,289000,110,Nafta,0,Automatická,
Ford,Focus,30000,2009,Ojeté,297000,107,LPG + benzín,0,Manuální,
Suzuki,Ignis,30000,2004,Ojeté,83778,68,Benzín,0,Manuální,
Ford,Mondeo,29999,2003,Ojeté,147850,85,Nafta,0,Manuální,Pohon předních kol
Škoda,Octavia,30000,2008,Ojeté,323614,77,Nafta,0,Manuální,
Škoda,Fabia,30000,2003,Ojeté,130610,40,Benzín,0,Manuální,
Opel,Corsa,30000,2008,Ojeté,200000,66,Benzín,0,Manuální,
Kia,Picanto,29999,2005,Ojeté,138400,48,Benzín,0,Manuální,
Škoda,Fabia,30000,2001,Ojeté,224134,55,Benzín,0,Manuální,
Kia,Picanto,29999,2004,Ojeté,147600,48,Benzín,0,Manuální,
Škoda,Octavia,30000,2006,Ojeté,268692,103,Nafta,0,Manuální,
Chevrolet,Orlando,29999,2011,Ojeté,281983,120,Nafta,0,Manuální,Pohon předních kol
Peugeot,407,30000,2007,Ojeté,295043,80,Nafta,0,Manuální,
Ford,Focus,30000,2005,Ojeté,222700,100,Nafta,0,Manuální,Pohon předních kol
Škoda,Fabia,30000,2002,Ojeté,207117,50,Benzín,0,Manuální,
Škoda,Fabia,30000,2003,Ojeté,164747,40,Benzín,0,Manuální,Pohon předních kol
Mitsubishi,Lancer,29999,2004,Ojeté,150500,72,Benzín,0,Manuální,
Opel,Zafira,30000,2006,Ojeté,257660,77,Benzín,0,Manuální,
Škoda,Fabia,30000,2006,Ojeté,250968,55,Benzín,0,Manuální,
Toyota,Yaris,30000,2006,Ojeté,235845,51,Benzín,0,Manuální,
BMW,Řada 3,30000,2008,Ojeté,281766,130,Nafta,0,Manuální,
Ford,Mondeo,30000,2011,Ojeté,254619,92,Nafta,0,Manuální,
Mercedes-Benz,Třídy A,30000,2004,Ojeté,183000,60,Nafta,0,Manuální,Pohon předních kol
Audi,A3,506000,2023,Ojeté,55788,110,Benzín,0,Automatická,Pohon předních kol
Fiat,Punto,30000,2006,Ojeté,198185,57,Benzín,0,Manuální,
Citroën,C4 Picasso,30000,2007,Ojeté,293493,100,Nafta,0,Automatická,
Chevrolet,Spark,30000,2009,Ojeté,134977,49,Benzín,0,Manuální,
Volkswagen,Golf,30000,2002,Ojeté,300356,77,Benzín,0,Manuální,Pohon předních kol
Volvo,V60,329000,2016,Ojeté,127736,140,Nafta,0,Manuální,
Volkswagen,Touran,30000,2008,Ojeté,272984,77,Nafta,0,Manuální,
Volkswagen,Passat,30000,2005,Ojeté,273738,96,Nafta,0,Manuální,
Ford,Fiesta,30000,2006,Ojeté,189941,51,Benzín,0,Manuální,
Kia,Cee´d,30000,2008,Ojeté,199239,80,Benzín,0,Manuální,
Ford,C-MAX,30000,2004,Ojeté,243277,80,Nafta,0,Manuální,
Seat,Cordoba,30000,2003,Ojeté,261037,74,Nafta,0,Manuální,
Škoda,Felicia,30000,1997,Ojeté,250644,40,Benzín,0,Manuální,Pohon předních kol
Peugeot,807,30000,2005,Ojeté,202111,94,Nafta,0,Manuální,
Renault,Thalia,30000,2010,Ojeté,160055,55,Benzín,0,Manuální,
Hyundai,Elantra,30000,2005,Ojeté,183489,77,Benzín,0,Manuální,
Renault,Mégane,30000,2004,Ojeté,104814,75,Nafta,0,Manuální,
Ford,Fusion,30000,2008,Ojeté,247535,59,LPG + benzín,0,Manuální,
Peugeot,206,30000,2005,Ojeté,207126,44,Benzín,0,Manuální,Pohon předních kol
Seat,Altea,30000,2006,Ojeté,264278,75,Benzín,0,Manuální,
Ford,Puma,783900,2026,Nové,15,123,Elektro,43,Automatická,Pohon předních kol
Opel,Zafira,30000,2005,Ojeté,260000,103,Benzín,0,Manuální,Pohon předních kol
Ford,Fiesta,30000,2007,Ojeté,229250,50,Nafta,0,Manuální,
Peugeot,207,30000,2008,Ojeté,199023,65,Benzín,0,Manuální,
Chevrolet,Spark,30000,2009,Ojeté,177403,38,Benzín,0,Manuální,Pohon předních kol
Škoda,Fabia,30000,2004,Ojeté,187173,47,Benzín,0,Manuální,Pohon předních kol
Opel,Corsa,30000,2005,Ojeté,162930,59,Benzín,0,Manuální,
Renault,Thalia,30000,2002,Ojeté,257382,48,Nafta,0,Manuální,Pohon předních kol
Renault,Thalia,30000,2008,Ojeté,122399,55,Benzín,0,Manuální,Pohon předních kol
Škoda,Fabia,30000,2004,Ojeté,179040,47,Benzín,0,Manuální,
Renault,Scénic,30000,2004,Ojeté,205880,98,Benzín,0,Manuální,
Volkswagen,Golf,30000,2000,Ojeté,301472,74,Benzín,0,Manuální,
Volkswagen,Polo,30000,2008,Ojeté,243429,59,Benzín,0,Manuální,
Škoda,Octavia,30000,1999,Ojeté,191000,85,Benzín,0,Manuální,
Dacia,Logan,30000,2010,Ojeté,114390,55,Benzín,0,Manuální,Pohon předních kol
Opel,Corsa,30000,2009,Ojeté,226075,59,Benzín,0,Manuální,Pohon předních kol
Škoda,Superb,30000,2011,Ojeté,259598,77,Nafta,0,Manuální,Pohon předních kol
Škoda,Fabia,30000,2002,Ojeté,185993,44,Benzín,0,Manuální,
Mercedes-Benz,Třídy C,949000,2022,Ojeté,89611,195,Nafta,0,Automatická,Pohon předních kol
Ford,Fiesta,30000,2004,Ojeté,118268,50,Nafta,0,Manuální,
Renault,Laguna,30000,2004,Ojeté,234832,120,Benzín,0,Manuální,
Daewoo,Kalos,30000,2003,Ojeté,224216,61,Benzín,0,Manuální,Pohon předních kol
Citroën,Grand C4 Picasso,30000,2007,Ojeté,244395,92,Benzín,0,Manuální,
Ford,Focus,30000,2006,Ojeté,253910,66,Nafta,0,Manuální,Pohon předních kol
Volkswagen,ID.4,560000,2020,Ojeté,123342,150,Elektro,82,Automatická,
Volkswagen,Bora,30000,1999,Ojeté,215000,85,Benzín,0,,
Opel,Meriva,30000,2006,Ojeté,174813,55,Nafta,0,Manuální,Pohon předních kol
Opel,Meriva,30000,2006,Ojeté,177617,66,Benzín,0,Manuální,
Renault,Clio,30000,2009,Ojeté,127000,55,LPG + benzín,0,Manuální,Pohon předních kol
Daewoo,Nubira,30000,2005,Ojeté,163981,90,Benzín,0,Manuální,
Renault,Laguna,30000,2005,Ojeté,217300,88,Nafta,0,Manuální,
Ford,Tourneo Custom,1198705,2026,Nové,15,125,Nafta,0,Automatická,Pohon předních kol
Chevrolet,Evanda,30000,2004,Ojeté,227350,96,LPG + benzín,0,Manuální,Pohon předních kol
Škoda,Fabia,30000,2005,Ojeté,177319,47,Benzín,0,Manuální,Pohon předních kol
Citroën,C5,30000,2004,Ojeté,234972,98,Nafta,0,Manuální,Pohon předních kol
Ford,Fiesta,30000,2006,Ojeté,206385,51,Benzín,0,Manuální,Pohon předních kol
Mitsubishi,Colt,30000,2009,Ojeté,293581,55,Benzín,0,Manuální,Pohon předních kol
Ford,Focus,30000,2007,Ojeté,222157,92,Benzín,0,Manuální,Pohon předních kol
Škoda,Octavia,30000,2006,Ojeté,311949,75,Benzín,0,Manuální,Pohon předních kol
Jeep,Liberty,30000,2003,Ojeté,168000,157,LPG + benzín,0,Automatická,Pohon zadních kol
Ford,Fiesta,30000,2006,Ojeté,202078,59,Benzín,0,Manuální,
Škoda,Fabia,31000,2006,Ojeté,226178,40,Benzín,0,Manuální,Pohon předních kol
Volvo,XC90,1499000,2025,Ojeté,20911,184,Benzín,0,Automatická,4x4
Ford,Fiesta,32000,2005,Ojeté,193000,51,Benzín,0,Manuální,Pohon předních kol
Volkswagen,Polo,30000,2000,Ojeté,111906,44,Benzín,0,Manuální,
Škoda,Fabia,30000,2003,Ojeté,191787,55,Benzín,0,Manuální,Pohon předních kol
Volkswagen,Bora,32000,2000,Ojeté,350620,85,Nafta,0,Manuální,Pohon předních kol
Ford,S-MAX,31900,2006,Ojeté,221186,162,Benzín,0,Manuální,Pohon předních kol
Seat,Leon,31900,2003,Ojeté,239023,55,Benzín,0,Manuální,Pohon předních kol
Volkswagen,Polo,30000,2008,Ojeté,191000,59,Benzín,0,,
Škoda,Superb,31990,2003,Ojeté,307526,114,Nafta,0,Manuální,Pohon předních kol
Škoda,Fabia,30000,2004,Ojeté,167914,40,Benzín,0,Manuální,Pohon předních kol
Mercedes-Benz,Třídy S,1999000,2022,Ojeté,49386,370,Benzín,0,Automatická,4x4
BMW,Řada 3,32000,2004,Ojeté,375000,110,Nafta,0,Manuální,Pohon zadních kol
Volkswagen,Polo,30000,2004,Ojeté,136980,40,Benzín,0,Manuální,
Škoda,Fabia,32000,2002,Ojeté,163341,40,Benzín,0,Manuální,Pohon předních kol
Kia,Picanto,32000,2005,Ojeté,102700,44,Benzín,0,Manuální,Pohon předních kol
Peugeot,308,32000,2007,Ojeté,318654,100,Nafta,0,Manuální,Pohon předních kol
Škoda,Octavia,30000,2005,Ojeté,286000,103,Nafta,0,Manuální,
Škoda,Superb,30250,2008,Ojeté,412000,125,Nafta,0,Manuální,
Volkswagen,Caddy,31460,2004,Ojeté,400000,51,Nafta,0,Manuální,Pohon předních kol
Opel,Astra,32000,2011,Ojeté,270976,81,Nafta,0,Manuální,
Citroën,Xsara Picasso,31990,2008,Ojeté,155974,80,Benzín,0,Manuální,Pohon předních kol
Dodge,Ram,1149000,2019,Ojeté,135000,295,Benzín,0,Automatická,4x4
Opel,Corsa,32900,2001,Ojeté,177131,43,Benzín,0,Manuální,Pohon předních kol
Volkswagen,e-Golf,370000,2020,Ojeté,54302,100,Elektro,35,Automatická,
Opel,Astra,33000,2004,Ojeté,148600,59,Nafta,0,Manuální,
Škoda,Fabia,33000,2003,Ojeté,236000,47,Nafta,0,Manuální,
Ford,Fiesta,33000,2005,Ojeté,150144,51,Benzín,0,Manuální,
Ford,Fusion,33000,2002,Ojeté,317021,50,Nafta,0,Manuální,
Peugeot,407,33000,2006,Ojeté,241000,100,Nafta,0,Manuální,Pohon předních kol
Renault,Scénic,33000,2005,Ojeté,218800,83,Benzín,0,Manuální,
Seat,Leon,32900,2002,Ojeté,217658,77,Benzín,0,Manuální,Pohon předních kol
Ford,Mondeo,33000,2001,Ojeté,188740,107,Benzín,0,Manuální,Pohon předních kol
Suzuki,SX4,32000,2008,Ojeté,251900,88,Nafta,0,Manuální,Pohon předních kol
Škoda,Fabia,33000,2004,Ojeté,96500,40,Benzín,0,Manuální,
Opel,Corsa,33000,2001,Ojeté,257378,55,Benzín,0,Automatická,
Ford,Mondeo,33000,2008,Ojeté,354000,92,Nafta,0,Manuální,Pohon předních kol
Chevrolet,Spark,32999,2007,Ojeté,119400,38,Benzín,0,Manuální,Pohon předních kol
Citroën,C3,33000,2002,Ojeté,268000,44,Benzín,0,Manuální,Pohon předních kol
Volkswagen,Golf,32000,2002,Ojeté,183284,55,Benzín,0,Manuální,Pohon předních kol
Renault,Scénic,32000,2006,Ojeté,259784,98,Benzín,0,Manuální,Pohon předních kol
BMW,Řada 3,32000,2004,Ojeté,303000,105,Benzín,0,Manuální,Pohon předních kol
Opel,Corsa,32000,2007,Ojeté,258993,,Nafta,0,,
Ford,Focus,33000,2005,Ojeté,212172,100,Nafta,0,Manuální,Pohon předních kol
Volkswagen,Golf,34000,1987,Ojeté,236000,51,Benzín,0,Manuální,Pohon předních kol
Subaru,Impreza,33900,2007,Ojeté,202000,79,LPG + benzín,0,Manuální,4x4
Opel,Astra,34000,2004,Ojeté,198211,76,Benzín,0,Manuální,Pohon předních kol
Renault,Thalia,34000,2012,Ojeté,210000,55,Benzín,0,Manuální,Pohon předních kol
Nissan,Micra,34000,2009,Ojeté,192000,48,Benzín,0,Manuální,Pohon předních kol
Škoda,Fabia,34000,2005,Ojeté,178000,47,Benzín,0,Manuální,Pohon předních kol
Škoda,Fabia,34000,2004,Ojeté,192776,47,Benzín,0,Manuální,Pohon předních kol
Chevrolet,Kalos,34000,2005,Ojeté,187000,53,LPG + benzín,0,Manuální,Pohon předních kol
Kia,Rio,33700,2004,Ojeté,164700,60,Benzín,0,Manuální,
Renault,Mégane,34000,2004,Ojeté,160991,72,Benzín,0,Manuální,Pohon předních kol
Ford,Mondeo,34000,2009,Ojeté,423666,85,Nafta,0,Manuální,
Opel,Meriva,34000,2006,Ojeté,216800,77,Benzín,0,Manuální,
Hyundai,Getz,33900,2004,Ojeté,111852,60,Benzín,0,Manuální,
Land Rover,Range Rover Sport,2989000,2026,Nové,0,220,Nafta,0,Automatická,4x4
Škoda,105,34000,1986,Ojeté,107000,33,Benzín,0,,
Peugeot,207,34000,2008,Ojeté,253500,65,Benzín,0,Manuální,Pohon předních kol
Ford,Mondeo,34000,2008,Ojeté,307581,96,Nafta,0,Manuální,Pohon předních kol
Volkswagen,Touran,34000,2005,Ojeté,314000,77,Nafta,0,Automatická,Pohon předních kol
Škoda,Fabia,33900,2007,Ojeté,240566,40,Benzín,0,Manuální,Pohon předních kol
Volkswagen,Transporter,34000,2001,Ojeté,506000,50,Nafta,0,Manuální,Pohon předních kol
Peugeot,207,34000,2007,Ojeté,263250,65,Benzín,0,Manuální,Pohon předních kol
Škoda,Fabia,34900,2003,Ojeté,158000,47,Benzín,0,Manuální,Pohon předních kol
Peugeot,207,34900,2007,Ojeté,161000,50,Nafta,0,Manuální,Pohon předních kol
Mitsubishi,Colt,34900,2005,Ojeté,182752,55,Benzín,0,Manuální,Pohon předních kol
Dacia,Logan,34900,2009,Ojeté,157000,55,Benzín,0,Manuální,
Renault,Kangoo,34900,2008,Ojeté,208000,55,Benzín,0,Manuální,
Kia,Picanto,34900,2005,Ojeté,77125,45,Benzín,0,Manuální,
Renault,Thalia,34900,2013,Ojeté,186217,55,Benzín,0,Manuální,Pohon předních kol
Volvo,V70,34800,1998,Ojeté,208000,103,Nafta,0,Manuální,
Renault,Modus,34444,2009,Ojeté,182620,48,Nafta,0,Manuální,Pohon předních kol
Škoda,Fabia,34800,2012,Ojeté,351000,63,Benzín,0,Manuální,Pohon předních kol
Škoda,Fabia,34800,2005,Ojeté,175838,47,Benzín,0,Manuální,Pohon předních kol
Citroën,Xsara,34900,2003,Ojeté,63001,55,Benzín,0,Manuální,Pohon předních kol
Seat,Ibiza,34900,2006,Ojeté,245232,55,Benzín,0,Manuální,Pohon předních kol
Ford,Focus,34900,2006,Ojeté,167800,66,Nafta,0,Manuální,
Škoda,Fabia,34800,2005,Ojeté,115480,47,Benzín,0,Manuální,Pohon předních kol
Peugeot,206,34877,2007,Ojeté,152000,55,Benzín,0,Manuální,Pohon předních kol
Chevrolet,Aveo,34900,2007,Ojeté,181500,69,Benzín,0,Manuální,Pohon předních kol
Fiat,Stilo,34900,2005,Ojeté,99000,66,Benzín,0,Manuální,Pohon předních kol
Opel,Corsa,34900,2001,Ojeté,105000,55,Benzín,0,Manuální,Pohon předních kol
Suzuki,Alto,34900,2009,Ojeté,114108,50,Benzín,0,Manuální,Pohon předních kol
Škoda,Fabia,34900,2004,Ojeté,217000,55,Benzín,0,Manuální,Pohon předních kol
Audi,A4 Avant,34900,2007,Ojeté,290000,,Nafta,0,Manuální,Pohon předních kol
Peugeot,307,34900,2007,Ojeté,353918,80,Nafta,0,Manuální,Pohon předních kol
Ford,Focus,34900,2002,Ojeté,197700,74,Benzín,0,Manuální,
Mercedes-Benz,Třídy A,34900,2000,Ojeté,178231,60,Benzín,0,Manuální,
Volvo,XC60,849000,2020,Ojeté,76401,173,Nafta,0,Automatická,4x4
Peugeot,207,34900,2007,Ojeté,123197,65,Benzín,0,Manuální,Pohon předních kol
Ford,Focus,34900,2005,Ojeté,199101,85,Nafta,0,Manuální,Pohon předních kol
Volkswagen,Fox,34900,2006,Ojeté,139574,40,Benzín,0,Manuální,Pohon předních kol
Land Rover,Freelander,34900,1998,Ojeté,239960,72,Nafta,0,Manuální,Pohon předních kol
Toyota,Avensis,34900,2006,Ojeté,362006,110,Nafta,0,Manuální,Pohon předních kol
Kia,Rio,34900,2005,Ojeté,79774,60,Benzín,0,Manuální,Pohon předních kol
Peugeot,206,34900,2003,Ojeté,136902,80,Benzín,0,Manuální,Pohon předních kol
Dacia,Logan,34900,2008,Ojeté,386006,50,Nafta,0,Manuální,Pohon předních kol
Kia,Cerato,34900,2004,Ojeté,156800,82,Nafta,0,Manuální,Pohon předních kol
Ford,Galaxy,34900,2007,Ojeté,413200,92,Nafta,0,Manuální,Pohon předních kol
BMW,i3,450000,2020,Ojeté,36584,125,Elektro,42,Automatická,
Fiat,Grande Punto,34900,2009,Ojeté,111001,48,Benzín,0,Manuální,Pohon předních kol
Škoda,Fabia,34990,2003,Ojeté,194000,50,Benzín,0,Manuální,Pohon předních kol
Citroën,C3,34900,2007,Ojeté,189000,54,Benzín,0,Manuální,Pohon předních kol
Ford,Mondeo,34900,2001,Ojeté,239459,92,Benzín,0,Manuální,
Peugeot,307,34999,2007,Ojeté,220354,66,Nafta,0,Manuální,Pohon předních kol
Škoda,Fabia,34999,2004,Ojeté,166444,55,Benzín,0,Manuální,
Renault,Mégane,34999,2004,Ojeté,151606,83,Benzín,0,Manuální,
Škoda,Octavia,34999,2005,Ojeté,410986,75,LPG + benzín,0,Manuální,
Škoda,Fabia,34999,2006,Ojeté,142352,47,Benzín,0,Manuální,
Škoda,Octavia,34999,2002,Ojeté,348459,66,Nafta,0,Manuální,
Škoda,Octavia,34999,2004,Ojeté,344000,77,Nafta,0,Manuální,Pohon předních kol
Dacia,Logan,34999,2008,Ojeté,241236,55,Benzín,0,Manuální,Pohon předních kol
Peugeot,307,34999,2005,Ojeté,274000,80,Benzín,0,Manuální,Pohon předních kol
Peugeot,307,34990,2003,Ojeté,223000,50,Nafta,0,Manuální,
Seat,Altea,34990,2004,Ojeté,295000,103,Nafta,0,Automatická,Pohon předních kol
Škoda,Octavia,34999,2006,Ojeté,367198,77,Nafta,0,Manuální,
Škoda,Fabia,34999,2008,Ojeté,390588,51,Benzín,0,Manuální,Pohon předních kol
Citroën,C3,34990,2003,Ojeté,221000,50,Nafta,0,Manuální,
Opel,Zafira,34999,2006,Ojeté,359000,103,Benzín,0,Manuální,Pohon předních kol
Toyota,Corolla Verso,34990,2003,Ojeté,292000,81,Benzín,0,Manuální,Pohon předních kol
Lancia,Phedra,34999,2010,Ojeté,196000,125,Nafta,0,Manuální,Pohon předních kol
Fiat,Panda,34999,2009,Ojeté,169897,40,Benzín,0,Manuální,
Kia,Picanto,34999,2008,Ojeté,100241,46,Benzín,0,Manuální,
Mercedes-Benz,170,34990,2001,Ojeté,386732,70,Nafta,0,Manuální,Pohon předních kol
Land Rover,Discovery Sport,1499000,2026,Nové,0,150,Nafta,0,Automatická,4x4
Škoda,Fabia,35000,2007,Ojeté,207205,47,Benzín,0,Manuální,
Peugeot,207,34999,2008,Ojeté,279900,50,Nafta,0,Manuální,Pohon předních kol
Chevrolet,Kalos,34999,2005,Ojeté,93800,61,Benzín,0,Manuální,Pohon předních kol
Citroën,C4,35000,2007,Ojeté,174259,80,Benzín,0,Manuální,Pohon předních kol
Volkswagen,Touran,35000,2009,Ojeté,280000,110,CNG + benzín,0,Manuální,
Renault,Mégane,34999,2002,Ojeté,157987,75,Nafta,0,Manuální,
Smart,Forfour,34999,2004,Ojeté,195114,55,Benzín,0,Manuální,
Peugeot,206,34999,2006,Ojeté,159889,55,Benzín,0,Manuální,
Seat,Leon,34999,2002,Ojeté,203817,55,Benzín,0,Manuální,
Škoda,Fabia,35000,2007,Ojeté,296953,51,Nafta,0,Manuální,Pohon předních kol
Volkswagen,Golf,34999,1998,Ojeté,176338,55,Benzín,0,Manuální,
Ford,Fusion,35000,2004,Ojeté,223192,59,Benzín,0,Manuální,
Chrysler,Grand Voyager,34999,2001,Ojeté,450111,104,Nafta,0,Manuální,
Peugeot,206,34999,2000,Ojeté,170295,65,Benzín,0,Manuální,Pohon předních kol
Mercedes-Benz,AMG GT,1799000,2020,Ojeté,91997,320,Benzín,0,Automatická,4x4
Peugeot,206,34999,1999,Ojeté,202400,55,Benzín,0,Manuální,Pohon předních kol
Ford,Fusion,35000,2004,Ojeté,227863,50,Nafta,0,Manuální,
Chevrolet,Lacetti,34999,2007,Ojeté,180000,80,Benzín,0,Manuální,
Opel,Agila,35000,2006,Ojeté,100116,44,Benzín,0,Manuální,
Ford,Fiesta,35000,2004,Ojeté,139149,51,Benzín,0,Manuální,Pohon předních kol
Volkswagen,Sharan,34999,2005,Ojeté,304409,85,Nafta,0,Manuální,4x4
Škoda,Fabia,35000,2008,Ojeté,225656,44,Benzín,0,Manuální,Pohon předních kol
Škoda,Fabia,35000,2005,Ojeté,206011,47,Benzín,0,Manuální,
Ford,C-MAX,35000,2007,Ojeté,289168,100,Nafta,0,Manuální,Pohon předních kol
Renault,Thalia,35000,2006,Ojeté,111310,55,Benzín,0,Manuální,Pohon předních kol
Škoda,Octavia,35000,2010,Ojeté,502000,77,Nafta,0,Manuální,
Škoda,Fabia,35000,2005,Ojeté,229091,47,Benzín,0,Manuální,Pohon předních kol
Ford,Puma,538800,2026,Nové,10,92,Hybridní,0,Manuální,Pohon předních kol
Chevrolet,Aveo,35000,2009,Ojeté,130815,62,Benzín,0,Manuální,
Škoda,Fabia,35000,2006,Ojeté,262246,40,Benzín,0,Manuální,Pohon předních kol
Ford,Fiesta,35000,2006,Ojeté,138491,59,Benzín,0,Manuální,
Škoda,Octavia,35000,2007,Ojeté,390,77,Nafta,0,Automatická,Pohon předních kol
Fiat,Panda,35000,2008,Ojeté,91518,40,Benzín,0,Manuální,
Fiat,Panda,35000,2006,Ojeté,137602,44,Benzín,0,Manuální,Pohon předních kol
Škoda,Octavia,35000,2004,Ojeté,408059,103,Nafta,0,Manuální,Pohon předních kol
Škoda,Fabia,35000,2004,Ojeté,320716,74,Nafta,0,Manuální,
Škoda,Octavia,35000,2005,Ojeté,365000,75,Benzín,0,Manuální,Pohon předních kol
Ford,Focus,35000,2005,Ojeté,299527,98,Nafta,0,Manuální,Pohon předních kol
Škoda,Fabia,35000,2004,Ojeté,94000,47,Benzín,0,Manuální,Pohon předních kol
Toyota,Yaris,35000,2008,Ojeté,213333,51,Benzín,0,Manuální,Pohon předních kol
Volkswagen,Polo,35000,1999,Ojeté,69414,55,Benzín,0,Manuální,Pohon předních kol
Citroën,Berlingo,35000,2006,Ojeté,207717,55,Benzín,0,Manuální,Pohon předních kol
Chevrolet,Aveo,35000,2009,Ojeté,101439,62,Benzín,0,Manuální,
Volkswagen,Touran,35000,2005,Ojeté,308841,66,Nafta,0,Manuální,
Škoda,Octavia,35000,2004,Ojeté,195394,75,Benzín,0,Manuální,
Peugeot,307,35000,2007,Ojeté,279232,66,Nafta,0,Manuální,Pohon předních kol
Ford,C-MAX,35000,2004,Ojeté,206105,100,Nafta,0,Manuální,
Mazda,3,35000,2006,Ojeté,223040,80,Nafta,0,Manuální,Pohon předních kol
Daihatsu,Sirion,35000,2010,Ojeté,137480,51,Benzín,0,Manuální,
Citroën,C3,35000,2008,Ojeté,150020,54,Benzín,0,Manuální,
Renault,Clio,35000,2006,Ojeté,280590,50,Nafta,0,Manuální,Pohon předních kol
Citroën,C5,35000,2005,Ojeté,261957,103,Benzín,0,Manuální,Pohon předních kol
Škoda,Fabia,35000,2006,Ojeté,108000,40,Benzín,0,Manuální,
Ford,C-MAX,35000,2009,Ojeté,271667,66,Nafta,0,Manuální,
Opel,Vectra,35000,2004,Ojeté,232126,114,Benzín,0,Manuální,Pohon předních kol
Škoda,Octavia,35000,2005,Ojeté,316782,75,Benzín,0,Manuální,Pohon předních kol
Škoda,Octavia,35000,2002,Ojeté,304373,85,Benzín,0,Manuální,
Volkswagen,Passat,35000,2003,Ojeté,323000,96,Nafta,0,Manuální,Pohon předních kol
Ford,Focus,35000,2005,Ojeté,264535,74,Benzín,0,Manuální,Pohon předních kol
Škoda,Fabia,35000,2002,Ojeté,203393,50,Benzín,0,Manuální,Pohon předních kol
Ford,Kuga,789900,2026,Nové,12,110,Benzín,0,Manuální,Pohon předních kol
Mazda,5,35000,2006,Ojeté,265000,81,Nafta,0,Manuální,Pohon předních kol
Citroën,Berlingo,35000,2003,Ojeté,377820,51,Nafta,0,Manuální,
Renault,Scénic,35000,2003,Ojeté,179733,83,Benzín,0,Manuální,
Citroën,C4,35000,2007,Ojeté,261411,80,Nafta,0,Manuální,Pohon předních kol
Škoda,Fabia,35000,2004,Ojeté,256911,40,Benzín,0,Manuální,Pohon předních kol
Citroën,C4 Picasso,35000,2008,Ojeté,241505,80,Nafta,0,Automatická,
Citroën,Xsara,35000,2004,Ojeté,114785,55,Benzín,0,Manuální,Pohon předních kol
Ford,Fiesta,35000,2008,Ojeté,179437,51,Benzín,0,Manuální,
Nissan,Micra,35000,2009,Ojeté,132446,48,Benzín,0,Manuální,
Renault,Twingo,35000,2001,Ojeté,128190,43,Benzín,0,Manuální,Pohon předních kol
Opel,Meriva,35000,2004,Ojeté,138000,74,Benzín,0,Manuální,Pohon předních kol
Škoda,Fabia,35000,2002,Ojeté,327758,74,Nafta,0,Manuální,Pohon předních kol
Škoda,Fabia,35000,2006,Ojeté,225000,40,Benzín,0,Manuální,Pohon předních kol
Seat,Leon,35000,2000,Ojeté,156000,55,Benzín,0,Manuální,Pohon předních kol
Opel,Zafira,35000,2005,Ojeté,194000,77,Benzín,0,Manuální,Pohon předních kol
Renault,Mégane,35000,2004,Ojeté,153634,72,Benzín,0,Manuální,Pohon předních kol
Hyundai,Getz,35000,2008,Ojeté,169000,71,Benzín,0,Manuální,Pohon předních kol
Renault,Scénic,35000,2003,Ojeté,128188,83,Benzín,0,Manuální,
Ford,Fiesta,35000,2005,Ojeté,204404,51,Benzín,0,Manuální,Pohon předních kol
Škoda,Fabia,35000,2002,Ojeté,207000,47,Nafta,0,Manuální,Pohon předních kol
Renault,Scénic,35000,2003,Ojeté,207000,83,Benzín,0,Manuální,Pohon předních kol
Land Rover,Defender,4999000,2026,Nové,0,467,Benzín,0,Automatická,4x4
Citroën,C3,35000,2006,Ojeté,161000,54,Benzín,0,Manuální,
Hyundai,Accent,35000,2004,Ojeté,93271,62,Benzín,0,Manuální,Pohon předních kol
Honda,Jazz,35000,2005,Ojeté,203829,57,Benzín,0,Manuální,Pohon předních kol
Fiat,Punto,35000,2006,Ojeté,236000,57,Benzín,0,Manuální,Pohon předních kol
Ford,Focus,35000,2007,Ojeté,213313,66,Nafta,0,Manuální,Pohon předních kol
Renault,Modus,35000,2004,Ojeté,165923,55,Benzín,0,Manuální,Pohon předních kol
Renault,Mégane,35000,2005,Ojeté,162133,83,Benzín,0,Manuální,
Ford,Puma,616800,2026,Nové,12,92,Benzín,0,Automatická,Pohon předních kol
Ford,Fiesta,35000,2008,Ojeté,232969,51,Benzín,0,Manuální,Pohon předních kol
Land Rover,Defender,2669000,2025,Nové,0,257,Nafta,0,Automatická,4x4
Dacia,Sandero,35000,2009,Ojeté,157000,55,Benzín,0,Manuální,Pohon předních kol
Nissan,Note,35000,2008,Ojeté,255022,65,Benzín,0,Manuální,Pohon předních kol
Fiat,Croma,35000,2006,Ojeté,217000,147,Nafta,0,Automatická,
Peugeot,207,35000,2009,Ojeté,260546,70,Benzín,0,Manuální,Pohon předních kol
Škoda,Fabia,35000,2008,Ojeté,307866,51,Nafta,0,Manuální,Pohon předních kol
Citroën,Xsara Picasso,35000,2006,Ojeté,140128,80,Benzín,0,Manuální,
Mazda,3,35000,2004,Ojeté,154000,62,Benzín,0,,
Škoda,Fabia,35000,2006,Ojeté,106350,47,Benzín,0,Manuální,Pohon předních kol
Ford,Focus,35000,2008,Ojeté,303637,100,Nafta,0,Manuální,
Hyundai,i10,35000,2010,Ojeté,141623,48,Benzín,0,Manuální,Pohon předních kol
Škoda,Octavia,35000,2006,Ojeté,483900,74,Nafta,0,Manuální,Pohon předních kol
Renault,Laguna,35000,2001,Ojeté,215700,89,Benzín,0,Manuální,Pohon předních kol
Opel,Corsa,35000,2007,Ojeté,174000,44,Benzín,0,Manuální,Pohon předních kol
Ford,Bronco,1200000,2026,Nové,10,246,Benzín,0,Automatická,4x4
Škoda,Fabia,35000,2005,Ojeté,109086,40,Benzín,0,Manuální,Pohon předních kol
Škoda,Fabia,35000,2002,Ojeté,150470,44,Benzín,0,Manuální,Pohon předních kol
Fiat,Panda,35000,2006,Ojeté,116000,40,Benzín,0,Manuální,Pohon předních kol
Fiat,Grande Punto,35000,2011,Ojeté,189300,51,Benzín,0,Manuální,Pohon předních kol
Škoda,Fabia,35000,2007,Ojeté,187000,47,Benzín,0,Manuální,
Renault,Mégane,35000,2001,Ojeté,169000,70,Benzín,0,Manuální,
Citroën,C3,35000,2006,Ojeté,277900,50,Nafta,0,Manuální,Pohon předních kol
Mitsubishi,Outlander,35000,2009,Ojeté,220000,125,Benzín,0,Automatická,4x4
Volkswagen,Lupo,35000,2003,Ojeté,168624,37,Benzín,0,Manuální,Pohon předních kol
Citroën,Berlingo,35000,2005,Ojeté,202000,55,LPG + benzín,0,Manuální,Pohon předních kol
Ford,Focus,35000,2006,Ojeté,248500,85,Benzín,0,Manuální,Pohon předních kol
Renault,Modus,35000,2004,Ojeté,246000,63,Nafta,0,Manuální,Pohon předních kol
Seat,Leon,35000,2000,Ojeté,190000,74,Benzín,0,Manuální,Pohon předních kol
Volkswagen,Golf,35000,2000,Ojeté,220000,55,Benzín,0,Manuální,
Ford,Fusion,35000,2006,Ojeté,255136,50,Nafta,0,Manuální,
Renault,Laguna,35000,2006,Ojeté,235000,96,Nafta,0,Manuální,Pohon předních kol
Mitsubishi,Colt,35000,2006,Ojeté,149999,70,Benzín,0,Manuální,
Škoda,Fabia,35000,2003,Ojeté,228000,47,Nafta,0,Manuální,
Ford,Focus,35000,2004,Ojeté,139600,74,Benzín,0,Manuální,Pohon předních kol
Renault,Mégane,35000,2012,Ojeté,98000,85,Benzín,0,Manuální,Pohon předních kol
Renault,Clio,35900,2003,Ojeté,177341,55,Benzín,0,Manuální,Pohon předních kol
Volkswagen,Polo,35900,2001,Ojeté,151943,47,Benzín,0,Manuální,Pohon předních kol
Škoda,Octavia,35000,2000,Ojeté,270784,74,Benzín,0,Manuální,Pohon předních kol
Peugeot,206,35999,2004,Ojeté,257086,50,Nafta,0,Manuální,Pohon předních kol
Dodge,Ram,1699000,2020,Ojeté,7600,276,Nafta,0,Automatická,4x4
Škoda,Fabia,36000,2005,Ojeté,218405,55,Benzín,0,Manuální,Pohon předních kol
Chevrolet,Spark,35000,2008,Ojeté,86300,38,Benzín,0,Manuální,Pohon předních kol
Seat,Ibiza,35900,2009,Ojeté,253056,51,Benzín,0,Manuální,
Citroën,Xsara,35000,2002,Ojeté,176000,,Benzín,0,Manuální,Pohon předních kol
Chevrolet,Kalos,36000,2006,Ojeté,153000,53,Benzín,0,Manuální,Pohon předních kol
Hyundai,Accent,35900,2009,Ojeté,223438,81,Nafta,0,Manuální,Pohon předních kol
Opel,Corsa,35000,2005,Ojeté,178000,51,Nafta,0,Manuální,Pohon předních kol
Škoda,Fabia,36000,2009,Ojeté,197000,44,Benzín,0,Manuální,Pohon předních kol
Kia,Cee´d,35500,2008,Ojeté,188710,80,Benzín,0,Manuální,Pohon předních kol
Ford,Fiesta,35900,2005,Ojeté,165851,44,Benzín,0,Manuální,Pohon předních kol
Nissan,Pixo,35900,2010,Ojeté,297160,50,Benzín,0,Manuální,Pohon předních kol
Hyundai,Accent,35000,2007,Ojeté,193079,71,Benzín,0,Manuální,
Fiat,Panda,35900,2010,Ojeté,235530,40,Benzín,0,Manuální,Pohon předních kol
Renault,Clio,35900,2001,Ojeté,163113,72,Benzín,0,Manuální,Pohon předních kol
Renault,Scénic,35000,2004,Ojeté,189000,88,Nafta,0,Manuální,Pohon předních kol
Škoda,Superb,35555,2008,Ojeté,304200,103,Nafta,0,Manuální,
Škoda,Felicia,36000,1997,Ojeté,116500,40,Benzín,0,Manuální,Pohon předních kol
Volkswagen,Golf,37000,2004,Ojeté,193000,85,Benzín,0,Manuální,Pohon předních kol
Renault,Grand Scénic,36000,2008,Ojeté,228000,96,Nafta,0,Manuální,
Škoda,Fabia,36000,2004,Ojeté,235989,55,Benzín,0,Manuální,Pohon předních kol
Volvo,S90,1069000,2024,Ojeté,23370,335,Hybridní,0,Automatická,4x4
Kia,Niro EV,430000,2020,Ojeté,109579,150,Elektro,67,Automatická,
Škoda,Fabia,36000,2005,Ojeté,251086,47,Benzín,0,Manuální,Pohon předních kol
Ford,Fiesta,36900,2005,Ojeté,183118,59,Benzín,0,Manuální,Pohon předních kol
Opel,Zafira,36000,2008,Ojeté,249000,88,Nafta,0,Manuální,Pohon předních kol
Renault,Scénic,36000,2006,Ojeté,235000,78,Nafta,0,Manuální,Pohon předních kol
Peugeot,206,36000,2005,Ojeté,248000,80,Nafta,0,Manuální,
Opel,Corsa,36900,1998,Ojeté,154393,40,Benzín,0,Manuální,
Volkswagen,Fox,36000,2005,Ojeté,66000,,Benzín,0,,
Škoda,Fabia,36000,2003,Ojeté,160500,40,Benzín,0,Manuální,Pohon předních kol
Ford,Focus,36900,2007,Ojeté,218443,80,Nafta,0,Manuální,Pohon předních kol
Suzuki,Liana,36000,2006,Ojeté,227349,79,Benzín,0,Manuální,Pohon předních kol
Ford,Focus,36600,2006,Ojeté,261382,74,Benzín,0,Manuální,Pohon předních kol
Škoda,Fabia,36999,2006,Ojeté,338676,55,Benzín,0,Manuální,
Citroën,Berlingo,36000,2002,Ojeté,204333,66,Nafta,0,Manuální,Pohon předních kol
Kia,Picanto,36900,2007,Ojeté,182300,48,Benzín,0,Manuální,Pohon předních kol
Fiat,Punto,36500,1996,Ojeté,132000,40,Benzín,0,Manuální,Pohon předních kol
Renault,Clio,36000,2003,Ojeté,181168,43,Benzín,0,Manuální,Pohon předních kol
Jaguar,F-Type,1314276,2022,Ojeté,23990,221,Benzín,0,Automatická,Pohon zadních kol
BMW,X4,619000,2016,Ojeté,114500,265,Benzín,0,Automatická,4x4
Subaru,Crosstrek,992000,2025,Nové,12,100,Benzín,0,Automatická,4x4
Škoda,Octavia,399999,2018,Ojeté,98650,110,Nafta,0,Manuální,Pohon předních kol
Kia,Sorento,1154016,2022,Ojeté,54970,142,Nafta,0,Automatická,4x4
Kia,Niro,469000,2022,Ojeté,99900,104,Hybridní,0,Automatická,Pohon předních kol
Kia,Sorento,1247795,2024,Ojeté,57000,142,Nafta,0,Automatická,4x4
Škoda,Superb,349000,2015,Ojeté,250000,,Nafta,0,,Pohon předních kol
Volvo,V90,629000,2020,Ojeté,124000,140,Nafta,0,Automatická,4x4
Ford,Tourneo Courier,519900,2026,Nové,0,92,Benzín,0,Manuální,Pohon předních kol
Škoda,Octavia,369000,2019,Ojeté,99100,110,Nafta,0,Automatická,Pohon předních kol
Ford,Focus,69000,2007,Ojeté,189583,80,Nafta,0,Manuální,Pohon předních kol
Kia,Sportage,329000,2016,Ojeté,105000,85,Nafta,0,Manuální,Pohon předních kol
Volvo,XC60,799000,2023,Ojeté,88000,145,Nafta,0,Automatická,4x4
Kia,Sorento,896146,2023,Ojeté,104000,142,Nafta,0,,4x4
Škoda,Octavia,389000,2021,Ojeté,187000,110,Nafta,0,Automatická,Pohon předních kol
Škoda,Octavia,250000,2017,Ojeté,114367,85,Benzín,0,Manuální,Pohon předních kol
Jaguar,F-Type,2096995,2022,Ojeté,38000,423,Benzín,0,Automatická,4x4
Kia,Sorento,1014086,2022,Ojeté,51885,148,Nafta,0,Automatická,4x4
Subaru,WRX STI,1054999,2017,Ojeté,54000,221,Benzín,0,Manuální,4x4
Kia,Sorento,1066221,2023,Ojeté,83850,148,Nafta,0,Automatická,4x4
Škoda,Kodiaq,549000,2021,Ojeté,179000,147,Nafta,0,Automatická,4x4
Volkswagen,Passat,475000,2020,Ojeté,99104,110,Nafta,0,Automatická,Pohon předních kol
Citroën,Saxo,22000,2000,Ojeté,126438,37,Benzín,0,Manuální,Pohon předních kol
Renault,Captur,215000,2016,Ojeté,111209,87,Benzín,0,Manuální,Pohon předních kol
Opel,Astra,125000,2010,Ojeté,178266,132,Benzín,0,Manuální,Pohon předních kol
Ford,Focus,25000,2006,Ojeté,129380,74,Benzín,0,Manuální,Pohon předních kol
Škoda,Octavia,19000,2005,Ojeté,327990,77,Nafta,0,Manuální,Pohon předních kol
Škoda,Octavia,255000,2016,Ojeté,159319,81,Nafta,0,Manuální,Pohon předních kol
Škoda,Octavia,179000,2013,Ojeté,185152,103,Nafta,0,Automatická,4x4
Citroën,C4,55000,2011,Ojeté,285713,82,Nafta,0,Manuální,Pohon předních kol
Mazda,2,310000,2022,Ojeté,52491,66,Benzín,0,Manuální,Pohon předních kol
Opel,Meriva,90000,2010,Ojeté,194579,81,Nafta,0,Manuální,Pohon předních kol
Peugeot,2008,380000,2021,Ojeté,88165,100,Elektro,50,Automatická,
Škoda,Fabia,135000,2011,Ojeté,86205,63,Benzín,0,Manuální,Pohon předních kol
BMW,Řada 3,60000,2003,Ojeté,211964,125,Benzín,0,Manuální,Pohon předních kol
Škoda,Karoq,395000,2019,Ojeté,144394,85,Nafta,0,Manuální,Pohon předních kol
Volkswagen,Golf Plus,120000,2007,Ojeté,119812,59,Benzín,0,Manuální,Pohon předních kol
Citroën,Berlingo,179000,2016,Ojeté,99450,73,Nafta,0,Manuální,Pohon předních kol
BMW,Řada 3,250000,2008,Ojeté,151317,200,Benzín,0,Automatická,Pohon předních kol
Hyundai,Tucson,365000,2018,Ojeté,96907,130,Benzín,0,Manuální,Pohon předních kol
Škoda,Octavia,60000,2005,Ojeté,224103,75,Benzín,0,Manuální,Pohon předních kol
Ford,Focus,50000,2008,Ojeté,194900,74,Benzín,0,Manuální,Pohon předních kol
Renault,Captur,360000,2022,Ojeté,52358,67,Benzín,0,Manuální,Pohon předních kol
Škoda,Fabia,145000,2015,Ojeté,197388,66,Benzín,0,Manuální,Pohon předních kol
Citroën,C3,160000,2017,Ojeté,88784,60,Benzín,0,Manuální,Pohon předních kol
Volkswagen,Passat,145000,2011,Ojeté,243656,103,Nafta,0,Manuální,Pohon předních kol
Škoda,Octavia,35000,2009,Ojeté,315282,75,Benzín,0,Manuální,Pohon předních kol
Land Rover,Range Rover Sport,302500,2015,Ojeté,156808,250,Nafta,0,Automatická,4x4
Renault,Mégane,40000,2008,Ojeté,246195,96,Nafta,0,Manuální,Pohon předních kol
Ford,Focus,34000,2004,Ojeté,193945,74,Benzín,0,Manuální,Pohon předních kol
Citroën,C2,22000,2004,Ojeté,241490,44,Benzín,0,Manuální,Pohon předních kol
Volvo,C30,65000,2010,Ojeté,230745,73,Benzín,0,Manuální,Pohon předních kol
Hyundai,i30,69000,2012,Ojeté,93536,80,Benzín,0,Manuální,Pohon předních kol
Citroën,Berlingo,199000,2017,Ojeté,88784,88,Nafta,0,Manuální,Pohon předních kol
Ford,Focus,675136,2026,Nové,15,114,Benzín,0,Automatická,Pohon předních kol
Hyundai,ix35,145000,2010,Ojeté,193137,120,Benzín,0,Manuální,4x4
Volvo,XC90,1765000,2026,Nové,1,194,Benzín,0,Automatická,4x4
Škoda,Octavia,110000,2012,Ojeté,219548,77,Benzín,0,Manuální,Pohon předních kol
Hyundai,i20,80000,2015,Ojeté,254520,55,Benzín,0,Manuální,Pohon předních kol
Renault,Thalia,29000,2006,Ojeté,130291,72,Benzín,0,Manuální,Pohon předních kol
Renault,Captur,350000,2020,Ojeté,34230,96,Benzín,0,Automatická,Pohon předních kol
Renault,Mégane,210000,2017,Ojeté,95817,97,Benzín,0,Manuální,Pohon předních kol
Volkswagen,Golf,135000,2012,Ojeté,150456,63,Benzín,0,Manuální,Pohon předních kol
Chevrolet,Orlando,99000,2011,Ojeté,231684,104,Benzín,0,Manuální,Pohon předních kol
Volvo,V40,195000,2015,Ojeté,261364,88,Nafta,0,Manuální,Pohon předních kol
Škoda,Octavia,115000,2012,Ojeté,273335,103,Nafta,0,Manuální,Pohon předních kol
Renault,Clio,20000,1999,Ojeté,134912,43,Benzín,0,Manuální,Pohon předních kol
Dodge,Ram,1099000,2020,Ojeté,169000,295,Benzín,0,Automatická,4x4
Ford,Mustang,1217310,2021,Ojeté,29577,330,Benzín,0,Automatická,Pohon zadních kol
Škoda,Octavia,115000,2011,Ojeté,187270,77,Nafta,0,Manuální,Pohon předních kol
BMW,X3,569000,2018,Ojeté,56120,135,Benzín,0,,4x4
Škoda,Octavia,349000,2020,Ojeté,128300,85,Nafta,0,Manuální,
Škoda,Octavia,250000,2015,Ojeté,314161,162,Benzín,0,Manuální,Pohon předních kol
Chevrolet,Corvette,2233000,2018,Ojeté,48900,485,Benzín,0,Automatická,Pohon zadních kol
Kia,EV6,809000,2022,Ojeté,79650,239,Elektro,77,Automatická,4x4
Mini,Countryman,169000,2015,Ojeté,118118,72,Benzín,0,Manuální,Pohon předních kol
Maserati,Quattroporte,599000,2014,Ojeté,149941,202,Nafta,0,Automatická,Pohon zadních kol
BMW,X5,899000,2019,Ojeté,185185,195,Nafta,0,Automatická,4x4
Škoda,Octavia,59000,2007,Ojeté,330000,77,Nafta,0,Manuální,Pohon předních kol
BMW,Řada 3,554000,2020,Ojeté,125000,140,Nafta,0,Automatická,4x4
BMW,M4,2490000,2025,Ojeté,8200,390,Benzín,0,Automatická,4x4
Alpina,B4,1999000,2022,Ojeté,48484,364,Benzín,0,Automatická,4x4
Volkswagen,Passat,319000,2018,Ojeté,191000,110,Nafta,0,Manuální,Pohon předních kol
Volkswagen,Touran,425000,2020,Ojeté,176623,110,Nafta,0,Automatická,Pohon předních kol
Škoda,Fabia,39000,2006,Ojeté,161571,55,Benzín,0,Manuální,Pohon předních kol
Škoda,Superb,465000,2019,Ojeté,202000,140,Nafta,0,Automatická,
Škoda,Karoq,479000,2022,Ojeté,197000,110,Benzín,0,Automatická,Pohon předních kol
BMW,Řada 5,715000,2020,Ojeté,153500,210,Nafta,0,Automatická,4x4
Seat,Alhambra,455000,2017,Ojeté,92315,110,Nafta,0,Manuální,4x4
Cupra,Formentor,669900,2023,Ojeté,10354,110,Benzín,0,Automatická,Pohon předních kol
Porsche,Panamera,2100000,2017,Ojeté,76900,310,Nafta,0,Automatická,4x4
Ford,Tourneo Courier,285000,2021,Ojeté,118200,73,Nafta,0,Manuální,Pohon předních kol
Mazda,CX-9,390000,2015,Ojeté,79200,204,Benzín,0,Automatická,4x4
Škoda,Octavia,235000,2018,Ojeté,209000,110,Nafta,0,Manuální,
Škoda,Kodiaq,589000,2022,Ojeté,164000,110,Nafta,0,Automatická,Pohon předních kol
Audi,A6 allroad,463000,2015,Ojeté,193000,235,Nafta,0,Automatická,4x4
Škoda,Octavia,289000,2017,Ojeté,179370,110,Benzín,0,Manuální,Pohon předních kol
Dodge,Challenger,490000,2017,Ojeté,110500,227,Benzín,0,Automatická,Pohon zadních kol
Volkswagen,Golf,1052700,2025,Nové,1050,221,Benzín,0,Automatická,Pohon předních kol
BMW,X5,359000,2015,Ojeté,242278,160,Nafta,0,Automatická,4x4
Ford,Mondeo,140000,2011,Ojeté,150000,147,Nafta,0,Manuální,
Subaru,Crosstrek,952000,2025,Nové,12,100,Benzín,0,Automatická,4x4
Toyota,Yaris Cross,635000,2026,Nové,5,85,Hybridní,0,Automatická,Pohon předních kol
BMW,iX,1184182,2023,Ojeté,21772,240,Elektro,0,Automatická,4x4
BMW,M4,1148290,2016,Ojeté,110000,331,Benzín,0,Automatická,Pohon zadních kol
Kia,Niro EV,430000,2020,Ojeté,86849,150,Elektro,67,Automatická,
Škoda,Kodiaq,469900,2017,Ojeté,236000,140,Nafta,0,Automatická,4x4
Škoda,Kodiaq,529000,2019,Ojeté,86029,110,Benzín,0,Automatická,Pohon předních kol
BMW,iX,1154901,2023,Ojeté,23151,240,Elektro,0,Automatická,4x4
Seat,Leon,599000,2020,Ojeté,60885,221,Benzín,0,Automatická,4x4
Audi,SQ5,949000,2019,Ojeté,119000,257,Benzín,0,Automatická,4x4
Mercedes-Benz,Třídy C,1049000,2024,Ojeté,50900,147,Nafta,0,Automatická,4x4
Peugeot,807,169990,2009,Ojeté,187651,125,Nafta,0,Automatická,Pohon předních kol
Volkswagen,Golf Variant,459000,2015,Ojeté,128465,221,Benzín,0,Automatická,4x4
Seat,Leon,399000,2019,Ojeté,104306,110,Benzín,0,Manuální,Pohon předních kol
Dacia,Lodgy,129000,2013,Ojeté,113563,85,Benzín,0,Manuální,
Subaru,XV,270000,2015,Ojeté,139908,110,Benzín,0,Automatická,4x4
Seat,Ateca,599000,2019,Ojeté,41352,140,Benzín,0,Automatická,4x4
Volkswagen,Golf,349000,2015,Ojeté,113594,135,Nafta,0,Automatická,4x4
Škoda,Enyaq iV,610000,2022,Ojeté,66872,132,Elektro,62,Automatická,
Toyota,Proace City Verso,752900,2026,Nové,0,96,Nafta,0,Manuální,Pohon předních kol
Hyundai,Santa Fe,280000,2012,Ojeté,159450,145,Nafta,0,Manuální,4x4
Volvo,S60,649000,2019,Ojeté,88135,184,Benzín,0,Automatická,
Kia,Sorento,275000,2013,Ojeté,197827,145,Nafta,0,Automatická,
BMW,X5,1197900,2022,Ojeté,69742,290,Hybridní,0,Automatická,4x4
Fiat,Freemont,185000,2013,Ojeté,217000,125,Nafta,0,Manuální,Pohon předních kol
Toyota,Proace City Verso,752900,2026,Nové,0,96,Nafta,0,Manuální,Pohon předních kol
Volkswagen,Multivan,659000,2018,Ojeté,85123,75,Nafta,0,Manuální,Pohon předních kol
Mazda,6,199900,2011,Ojeté,139003,114,Benzín,0,Automatická,Pohon předních kol
Subaru,Forester,320000,2014,Ojeté,220687,177,Benzín,0,Automatická,4x4
Citroën,Grand C4 Picasso,255000,2016,Ojeté,169784,110,Nafta,0,Automatická,
Audi,A5,263000,2012,Ojeté,210863,150,Nafta,0,Manuální,Pohon předních kol
Hyundai,ix35,220000,2014,Ojeté,146579,100,Nafta,0,Manuální,4x4
Mazda,CX-5,465000,2019,Ojeté,157555,143,Benzín,0,Automatická,
Subaru,XV,465000,2019,Ojeté,104814,115,Benzín,0,Automatická,4x4
Toyota,Rav4,349000,2016,Ojeté,167737,105,Nafta,0,Manuální,Pohon předních kol
Subaru,XV,535000,2018,Ojeté,110840,115,Benzín,0,Automatická,4x4
Ford,Kuga,280000,2017,Ojeté,197292,110,Nafta,0,Manuální,
BMW,Řada 1,92000,2010,Ojeté,218512,90,Benzín,0,Manuální,
Mercedes-Benz,AMG GT,1999000,2022,Ojeté,59443,320,Benzín,0,Automatická,4x4
BMW,Řada 3,275000,2013,Ojeté,152199,100,Benzín,0,Manuální,
Subaru,Outback,293000,2012,Ojeté,174084,123,Benzín,0,Automatická,4x4
Peugeot,308,190000,2020,Ojeté,193571,75,Nafta,0,Manuální,Pohon předních kol
Volvo,XC60,359000,2016,Ojeté,230495,140,Nafta,0,Automatická,4x4
Mazda,CX-5,349900,2016,Ojeté,151098,121,Benzín,0,Manuální,
Audi,A5,299900,2013,Ojeté,192766,105,Nafta,0,Manuální,Pohon předních kol
Seat,Leon,244000,2018,Ojeté,104753,81,Benzín,0,Manuální,Pohon předních kol
Mazda,6,307000,2015,Ojeté,224551,141,Benzín,0,Automatická,
Citroën,Grand C4 Picasso,209000,2014,Ojeté,214526,110,Nafta,0,Manuální,
Volvo,V40,259900,2015,Ojeté,167505,112,Benzín,0,Manuální,Pohon předních kol
Subaru,XV,215000,2012,Ojeté,101074,84,Benzín,0,Manuální,4x4
Honda,CR-V,249000,2013,Ojeté,147540,88,Nafta,0,Manuální,
Opel,Insignia,195000,2014,Ojeté,180410,120,Nafta,0,Automatická,
Mazda,6,295000,2014,Ojeté,176705,121,Benzín,0,Automatická,
Škoda,Fabia,55000,2008,Ojeté,192160,63,Benzín,0,Manuální,
Land Rover,Discovery Sport,1249000,2025,Předváděcí,9900,150,Nafta,0,Automatická,4x4
BMW,Řada 5,465000,2019,Ojeté,179892,140,Nafta,0,Automatická,
Mazda,6,339000,2015,Ojeté,171445,121,Benzín,0,Manuální,
Ford,S-MAX,255000,2015,Ojeté,209016,88,Nafta,0,Manuální,
Volkswagen,Passat,325000,2019,Ojeté,190336,110,Nafta,0,Automatická,
Subaru,Outback,274000,2013,Ojeté,179419,123,Benzín,0,Automatická,4x4
Mazda,CX-5,354000,2015,Ojeté,136665,121,Benzín,0,Manuální,Pohon předních kol
Volkswagen,Touran,159000,2011,Ojeté,183461,77,Benzín,0,Manuální,
Subaru,XV,265000,2014,Ojeté,149294,110,Benzín,0,Automatická,4x4
Ford,S-MAX,285000,2015,Ojeté,199848,132,Nafta,0,Manuální,
Audi,A4,365000,2016,Ojeté,222329,160,Nafta,0,Automatická,4x4
Ford,S-MAX,159000,2011,Ojeté,207642,103,Nafta,0,Manuální,
Volvo,XC90,430000,2014,Ojeté,138233,147,Nafta,0,Automatická,4x4
Peugeot,5008,199900,2016,Ojeté,176549,110,Nafta,0,Manuální,Pohon předních kol
Volvo,EX30,724950,2026,Nové,1,200,Elektro,0,Automatická,Pohon zadních kol
Škoda,Scala,450000,2025,Ojeté,29678,85,Benzín,0,Manuální,
Toyota,Yaris,60000,2008,Ojeté,99782,51,Benzín,0,Manuální,
Kia,Cee´d,70000,2011,Ojeté,223179,80,Benzín,0,Manuální,
Škoda,Scala,325000,2021,Ojeté,49231,81,Benzín,0,Manuální,
Škoda,Superb,260000,2020,Ojeté,325566,110,Nafta,0,Automatická,
Ford,Kuga,170000,2011,Ojeté,201612,103,Nafta,0,Manuální,4x4
Volkswagen,Golf,300000,2018,Ojeté,165600,92,Benzín,0,Automatická,
Hyundai,Tucson,520000,2021,Ojeté,69819,110,Benzín,0,Automatická,
Dacia,Duster,350000,2022,Ojeté,44819,67,LPG + benzín,0,Manuální,
Škoda,Superb,200000,2012,Ojeté,205084,103,Nafta,0,Automatická,
Ford,Kuga,500000,2020,Ojeté,79047,140,Nafta,0,Automatická,4x4
Kia,Sportage,777980,2026,Nové,1,110,Benzín,0,Automatická,Pohon předních kol
Volkswagen,Golf,240000,2017,Ojeté,216543,110,Nafta,0,Manuální,
Škoda,Superb,340000,2018,Ojeté,155257,110,Nafta,0,Automatická,
Škoda,Superb,280000,2016,Ojeté,280080,140,Nafta,0,Automatická,4x4
Hyundai,Tucson,540000,2021,Ojeté,62856,132,Benzín,0,Automatická,
Škoda,Superb,460000,2015,Ojeté,92823,140,Nafta,0,Automatická,
Dacia,Duster,360000,2023,Ojeté,52062,67,LPG + benzín,0,Manuální,
Volvo,V60,219000,2013,Ojeté,190026,158,Nafta,0,Manuální,
Citroën,C4 Picasso,90000,2011,Ojeté,197444,82,Nafta,0,Automatická,
Volvo,XC60,249900,2012,Ojeté,221156,120,Nafta,0,Manuální,4x4
Citroën,C4 Picasso,99900,2011,Ojeté,180963,88,Benzín,0,Manuální,
Jaguar,F-Type,1628721,2021,Ojeté,27846,331,Benzín,0,Automatická,4x4
Renault,Grand Scénic,158000,2013,Ojeté,191248,96,Nafta,0,Manuální,
Audi,A6,389000,2012,Ojeté,249000,280,Nafta,0,Automatická,4x4
Citroën,Grand C4 Picasso,335000,2019,Ojeté,185835,120,Nafta,0,Automatická,
Toyota,Auris,227000,2013,Ojeté,156970,97,Benzín,0,Manuální,
Renault,Talisman,309000,2017,Ojeté,157061,118,Nafta,0,Manuální,
Citroën,Grand C4 Picasso,264000,2014,Ojeté,181678,110,Nafta,0,Automatická,Pohon předních kol
BMW,Řada 1,215000,2013,Ojeté,139130,100,Benzín,0,Manuální,
Volvo,V60,379000,2020,Ojeté,213447,110,Nafta,0,Manuální,
Jeep,Compass,185000,2012,Ojeté,189550,120,Nafta,0,Manuální,4x4
Volkswagen,Golf,90000,2011,Ojeté,245580,77,Nafta,0,Manuální,4x4
SsangYong,Rexton,279000,2015,Ojeté,112513,114,Nafta,0,Automatická,4x4
Mazda,6,139900,2009,Ojeté,201716,108,Benzín,0,Manuální,Pohon předních kol
Subaru,Impreza,325000,2019,Ojeté,187103,84,Benzín,0,Automatická,4x4
Land Rover,Range Rover Evoque,899000,2022,Ojeté,16020,150,Nafta,0,Automatická,4x4
Renault,Grand Scénic,185000,2015,Ojeté,131137,81,Nafta,0,Manuální,
Opel,Insignia,162000,2014,Ojeté,210205,103,Nafta,0,Manuální,Pohon předních kol
Volvo,V40,249900,2016,Ojeté,154896,90,Benzín,0,Manuální,Pohon předních kol
Volvo,V40,220000,2015,Ojeté,162453,110,Nafta,0,Manuální,
Ford,Puma,565000,2026,Nové,25,92,Hybridní,0,Automatická,Pohon předních kol
Mitsubishi,Outlander,224000,2013,Ojeté,196397,110,Nafta,0,Manuální,4x4
Volvo,XC90,335000,2011,Ojeté,173802,147,Nafta,0,Automatická,4x4
Seat,Alhambra,229000,2011,Ojeté,209789,103,Nafta,0,Automatická,
Subaru,XV,349000,2017,Ojeté,184291,110,Benzín,0,Automatická,4x4
SsangYong,Rexton,275000,2017,Ojeté,183610,131,Nafta,0,Manuální,4x4
Volvo,C40,1275000,2026,Nové,1,175,Elektro,70,Automatická,Pohon zadních kol
Mazda,6,319000,2013,Ojeté,126871,121,Benzín,0,Manuální,
Volkswagen,Touran,235000,2012,Ojeté,171162,125,Benzín,0,Automatická,
Ford,Kuga,245000,2013,Ojeté,168912,103,Nafta,0,Manuální,
Volvo,S60,207000,2013,Ojeté,178150,100,Nafta,0,Manuální,
Subaru,Forester,265000,2012,Ojeté,173581,110,Benzín,0,Automatická,4x4
Jeep,Cherokee,319000,2016,Ojeté,139308,147,Nafta,0,Automatická,4x4
Opel,Insignia,330000,2018,Ojeté,125989,125,Nafta,0,Automatická,Pohon předních kol
Volkswagen,Tiguan,372000,2016,Ojeté,193086,110,Nafta,0,Manuální,
Opel,Insignia,309000,2018,Ojeté,107876,125,Nafta,0,Manuální,Pohon předních kol
Mazda,3,199900,2013,Ojeté,166738,74,Benzín,0,Manuální,
Mazda,5,164000,2010,Ojeté,156058,107,Benzín,0,Manuální,Pohon předních kol
Subaru,Impreza,817000,2025,Nové,12,100,Benzín,0,Automatická,4x4
Porsche,Cayenne,1290000,2019,Ojeté,127866,250,Benzín,0,Automatická,4x4
Suzuki,Vitara,339000,2018,Ojeté,154000,88,Benzín,0,Manuální,Pohon předních kol
Citroën,Grand C4 Picasso,275000,2015,Ojeté,174944,110,Nafta,0,Automatická,Pohon předních kol
Subaru,Outback,429000,2017,Ojeté,191187,129,Benzín,0,Automatická,4x4
Mazda,CX-5,348000,2015,Ojeté,160295,121,Benzín,0,Manuální,
Audi,A4,330000,2016,Ojeté,194755,110,Nafta,0,Manuální,Pohon předních kol
Volkswagen,Golf Plus,139000,2011,Ojeté,103507,77,Benzín,0,Manuální,
Jaguar,F-Pace,952177,2023,Ojeté,65000,150,Nafta,0,Automatická,4x4
Volkswagen,Touran,214000,2012,Ojeté,197221,103,Nafta,0,Manuální,Pohon předních kol
Škoda,Octavia,335999,2020,Ojeté,189647,110,Nafta,0,Manuální,Pohon předních kol
Volvo,C70,237000,2011,Ojeté,215551,110,Nafta,0,Manuální,
Peugeot,3008,354000,2018,Ojeté,139000,96,Nafta,0,Manuální,Pohon předních kol
Mazda,CX-5,316000,2015,Ojeté,158138,118,Benzín,0,Manuální,4x4
Jeep,Wrangler Rubicon,900000,2020,Ojeté,42560,147,Nafta,0,Automatická,4x4
Volvo,XC60,1299000,2026,Nové,1,184,Benzín,0,Automatická,4x4
Ford,Focus,339999,2019,Ojeté,158000,134,Benzín,0,Manuální,Pohon předních kol
Mazda,CX-5,375000,2018,Ojeté,215410,121,Benzín,0,Manuální,Pohon předních kol
Jaguar,F-Pace,1391268,2025,Ojeté,44300,221,Nafta,0,Automatická,4x4
Kia,Cee´d,219900,2017,Ojeté,111554,73,Benzín,0,Manuální,Pohon předních kol
Volkswagen,Golf,139000,2010,Ojeté,124371,90,Benzín,0,Manuální,
Jaguar,F-Pace,1310572,2023,Ojeté,11500,150,Nafta,0,Automatická,4x4
Volvo,V60,259000,2014,Ojeté,177358,100,Nafta,0,Automatická,Pohon předních kol
Volkswagen,Touran,329000,2020,Ojeté,205429,85,Nafta,0,Automatická,
Mercedes-Benz,Třídy C,365000,2003,Ojeté,323500,170,Nafta,0,Automatická,Pohon zadních kol
Land Rover,Range Rover Velar,1799000,2023,Ojeté,34900,221,Nafta,0,Automatická,4x4
Škoda,Karoq,470000,2017,Ojeté,66121,110,Nafta,0,Manuální,4x4
Mercedes-Benz,Třídy G,655000,2004,Ojeté,303000,115,Nafta,0,Automatická,4x4
Mazda,5,125000,2009,Ojeté,197970,85,Benzín,0,Manuální,Pohon předních kol
Hyundai,i30,250000,2021,Ojeté,102224,81,Benzín,0,Manuální,
Audi,A7,339000,2013,Ojeté,209463,150,Nafta,0,Automatická,
Porsche,Macan,689000,2018,Ojeté,160000,185,Benzín,0,Automatická,4x4
Volvo,S90,1175817,2024,Ojeté,22500,173,Nafta,0,Automatická,4x4
Toyota,Proace City Verso,752900,2025,Nové,5,96,Nafta,0,Manuální,Pohon předních kol
Mazda,CX-5,272000,2014,Ojeté,193120,121,Benzín,0,Manuální,
Mazda,CX-5,264000,2012,Ojeté,189187,121,Benzín,0,Manuální,
Škoda,Superb,299900,2016,Ojeté,221771,110,Nafta,0,Automatická,
Citroën,Grand C4 Picasso,347000,2018,Ojeté,180071,120,Nafta,0,Automatická,
Mazda,6,327000,2013,Ojeté,155721,141,Benzín,0,Automatická,
Hyundai,ix35,252000,2012,Ojeté,136991,120,Benzín,0,Automatická,
Peugeot,4008,245000,2012,Ojeté,85886,110,Nafta,0,Manuální,4x4
Mazda,CX-5,292000,2012,Ojeté,168196,118,Benzín,0,Automatická,4x4
Jeep,Compass,215000,2012,Ojeté,137412,120,Nafta,0,Manuální,4x4
Škoda,Rapid,189900,2017,Ojeté,136000,70,Benzín,0,Manuální,Pohon předních kol
Ford,S-MAX,185000,2012,Ojeté,199415,120,Nafta,0,Manuální,
Škoda,Octavia,150000,2016,Ojeté,265570,81,Nafta,0,Manuální,
Škoda,Octavia,560000,2024,Ojeté,73833,110,Nafta,0,Automatická,
Peugeot,508,306130,2017,Ojeté,181400,133,Nafta,0,Automatická,Pohon předních kol
Hyundai,i30,140000,2015,Ojeté,222648,81,Nafta,0,Manuální,
Toyota,Proace City Verso,804900,2025,Nové,0,96,Nafta,0,Manuální,Pohon předních kol
BMW,Řada 5,920000,2023,Ojeté,43290,215,Hybridní,0,Automatická,4x4
Škoda,Karoq,620000,2023,Ojeté,49748,110,Benzín,0,Manuální,
Volkswagen,Arteon,719000,2021,Ojeté,148570,147,Nafta,0,Automatická,4x4
Land Rover,Defender,2289000,2026,Nové,5,184,Nafta,0,Automatická,4x4
Volvo,XC60,858784,2022,Ojeté,98735,145,Nafta,0,Automatická,Pohon předních kol
Audi,RS5,1099900,2019,Ojeté,49300,331,Benzín,0,Automatická,4x4
Volvo,S90,1210586,2024,Ojeté,24860,173,Nafta,0,Automatická,4x4
MG,ZS,350000,2023,Ojeté,20060,82,Benzín,0,Manuální,
Toyota,C-HR,649900,2025,Nové,0,103,Benzín,0,Automatická,Pohon předních kol
Fiat,Freemont,125000,2012,Ojeté,227391,125,Nafta,0,Manuální,Pohon předních kol
Volvo,XC60,1325206,2024,Ojeté,11746,184,Benzín,0,Automatická,4x4
Volvo,XC60,1103741,2023,Ojeté,53000,145,Nafta,0,Automatická,4x4
Subaru,Forester,1092000,2025,Nové,12,100,Benzín,0,Automatická,4x4
Land Rover,Range Rover,4799000,2026,Nové,5,258,Nafta,0,Automatická,4x4
Volkswagen,Caddy,105000,2007,Ojeté,137500,75,Benzín,0,Manuální,Pohon předních kol
Land Rover,Defender,2729000,2026,Nové,5,257,Nafta,0,Automatická,4x4
Škoda,Superb,780000,2022,Ojeté,43139,147,Nafta,0,Automatická,4x4
Kia,Rio,239000,2020,Ojeté,41500,62,Benzín,0,Manuální,Pohon předních kol
